Sex,Marital status,Age,Education,Income,Occupation,Settlement size,Cluster
0.0,0.0,67.0,2.0,124670.0,1.0,2.0,0
1.0,1.0,22.0,1.0,150773.0,1.0,2.0,8
0.0,0.0,49.0,1.0,89209.99999999999,0.0,0.0,3
0.0,0.0,44.99999999999999,1.0,171565.0,1.0,1.0,7
0.0,0.0,53.0,1.0,149031.0,1.0,1.0,7
0.0,0.0,35.0,1.0,144848.0,0.0,0.0,3
0.0,0.0,53.0,1.0,156495.0,1.0,1.0,7
0.0,0.0,35.0,1.0,193621.0,2.0,1.0,0
0.0,1.0,61.0,2.0,151591.0,0.0,0.0,2
0.0,1.0,28.0,1.0,174646.0,2.0,0.0,6
1.0,1.0,25.0,1.0,108468.99999999999,1.0,0.0,1
1.0,1.0,24.0,1.0,127596.0,1.0,0.0,1
1.0,1.0,22.0,1.0,108687.0,1.0,2.0,8
0.0,0.0,60.0,2.0,89373.99999999999,0.0,0.0,3
1.0,1.0,28.0,1.0,102898.99999999999,1.0,1.0,5
1.0,1.0,32.0,1.0,88427.99999999999,0.0,0.0,9
0.0,0.0,53.0,1.0,125550.0,1.0,0.0,3
0.0,0.0,25.0,0.0,157434.0,1.0,2.0,0
0.0,0.0,31.0,0.0,144657.0,1.0,1.0,7
0.0,0.0,48.0,1.0,118776.99999999999,1.0,1.0,7
0.0,0.0,44.0,1.0,147511.0,1.0,1.0,7
0.0,0.0,48.0,1.0,89803.99999999999,0.0,0.0,3
0.0,0.0,44.0,1.0,134918.0,1.0,2.0,0
0.0,1.0,26.0,1.0,103667.00000000001,1.0,2.0,6
0.0,0.0,36.0,1.0,71909.0,0.0,0.0,3
0.0,1.0,39.0,1.0,68264.0,0.0,0.0,2
1.0,1.0,42.0,2.0,163025.0,1.0,1.0,5
0.0,0.0,34.0,1.0,119307.00000000001,1.0,1.0,7
0.0,0.0,63.0,2.0,175882.0,1.0,0.0,7
0.0,1.0,36.0,1.0,159646.0,1.0,1.0,6
0.0,0.0,27.0,0.0,120131.0,1.0,1.0,7
0.0,0.0,30.0,0.0,162745.0,1.0,2.0,0
0.0,0.0,57.0,2.0,87604.99999999999,0.0,0.0,3
1.0,1.0,33.0,1.0,155569.0,2.0,1.0,8
0.0,0.0,25.0,0.0,104505.0,0.0,0.0,3
0.0,0.0,31.0,0.0,143385.0,1.0,2.0,0
0.0,0.0,37.0,1.0,127676.0,1.0,1.0,7
0.0,0.0,37.0,1.0,119276.0,1.0,1.0,7
0.0,0.0,24.0,0.0,92542.0,1.0,1.0,7
0.0,0.0,30.0,0.0,163329.0,2.0,1.0,0
0.0,1.0,26.0,1.0,130921.00000000001,1.0,0.0,2
0.0,0.0,44.0,1.0,133658.0,0.0,0.0,3
0.0,1.0,24.0,1.0,155104.0,1.0,1.0,6
1.0,1.0,58.0,2.0,142335.0,0.0,1.0,5
1.0,1.0,35.0,1.0,138387.0,2.0,1.0,8
0.0,0.0,39.0,1.0,140182.0,1.0,0.0,3
1.0,1.0,23.0,1.0,65420.99999999999,0.0,0.0,9
0.0,0.0,39.0,1.0,130500.0,0.0,0.0,3
1.0,1.0,28.0,1.0,122831.0,1.0,0.0,1
0.0,0.0,29.0,0.0,84531.0,0.0,0.0,3
0.0,0.0,30.0,0.0,180196.0,2.0,2.0,0
0.0,0.0,25.0,0.0,92057.99999999999,1.0,2.0,0
0.0,0.0,31.0,0.0,117158.00000000001,1.0,0.0,3
0.0,0.0,57.0,2.0,135830.0,1.0,1.0,7
0.0,0.0,26.0,0.0,58258.0,0.0,0.0,3
0.0,0.0,52.0,1.0,202575.0,2.0,2.0,0
1.0,1.0,31.0,1.0,183657.0,1.0,1.0,5
1.0,1.0,23.0,1.0,152267.0,2.0,1.0,8
1.0,1.0,23.0,1.0,115240.00000000001,0.0,0.0,9
0.0,1.0,27.0,1.0,106955.0,1.0,2.0,6
0.0,0.0,50.0,1.0,123641.0,1.0,1.0,7
0.0,0.0,61.0,2.0,166410.0,2.0,1.0,0
0.0,0.0,25.0,0.0,227385.0,1.0,2.0,0
1.0,1.0,26.0,1.0,118372.0,1.0,1.0,5
0.0,0.0,48.0,1.0,148115.0,1.0,1.0,7
1.0,1.0,29.0,1.0,111068.99999999999,1.0,0.0,1
0.0,1.0,22.0,1.0,139780.0,1.0,0.0,2
0.0,0.0,37.0,1.0,106978.0,1.0,2.0,0
1.0,1.0,25.0,1.0,110019.00000000001,1.0,2.0,8
1.0,1.0,30.0,1.0,169102.0,1.0,1.0,5
0.0,0.0,45.99999999999999,1.0,73703.0,0.0,0.0,3
0.0,0.0,51.0,1.0,141858.0,2.0,2.0,0
1.0,1.0,41.0,2.0,135959.0,0.0,0.0,9
0.0,0.0,40.0,1.0,140888.0,2.0,2.0,0
0.0,0.0,66.0,2.0,157299.0,2.0,2.0,0
0.0,0.0,34.0,1.0,125187.0,1.0,1.0,7
0.0,0.0,51.0,1.0,155486.0,1.0,2.0,0
0.0,0.0,39.0,1.0,151697.0,0.0,0.0,3
0.0,1.0,22.0,1.0,126400.0,1.0,1.0,6
1.0,1.0,44.0,2.0,159246.0,1.0,2.0,8
0.0,0.0,46.99999999999999,1.0,136138.0,1.0,1.0,7
1.0,1.0,24.0,1.0,84792.0,0.0,0.0,9
1.0,1.0,58.0,2.0,100209.99999999999,0.0,0.0,9
0.0,0.0,52.0,1.0,93705.99999999999,0.0,0.0,3
1.0,1.0,29.0,1.0,133783.0,2.0,1.0,8
1.0,1.0,27.0,1.0,110064.0,1.0,2.0,8
0.0,0.0,30.0,0.0,149022.0,2.0,2.0,0
0.0,0.0,28.0,0.0,92973.0,1.0,2.0,0
0.0,0.0,56.0,1.0,110605.0,1.0,1.0,7
0.0,0.0,54.0,1.0,116604.0,1.0,1.0,7
1.0,1.0,33.0,1.0,71070.0,0.0,0.0,9
0.0,0.0,20.0,0.0,128678.0,1.0,1.0,7
0.0,0.0,54.0,1.0,165230.0,1.0,2.0,0
1.0,1.0,61.0,2.0,135070.0,1.0,1.0,5
0.0,0.0,34.0,1.0,134794.0,1.0,2.0,0
0.0,0.0,36.0,1.0,120152.99999999999,1.0,1.0,7
0.0,0.0,36.0,1.0,195465.0,2.0,2.0,0
0.0,1.0,41.0,1.0,93372.0,0.0,0.0,2
0.0,0.0,24.0,0.0,110446.0,1.0,0.0,3
1.0,1.0,24.0,1.0,95185.99999999999,1.0,1.0,5
0.0,0.0,35.0,1.0,115343.0,1.0,1.0,7
0.0,1.0,26.0,1.0,107276.00000000001,1.0,1.0,6
0.0,0.0,39.0,1.0,183108.0,2.0,2.0,0
0.0,0.0,32.0,0.0,152876.0,1.0,2.0,0
1.0,1.0,30.0,1.0,165147.0,1.0,0.0,1
0.0,1.0,35.0,1.0,140520.0,1.0,0.0,2
0.0,1.0,31.0,1.0,124203.0,1.0,1.0,6
1.0,1.0,23.0,1.0,107205.0,1.0,1.0,5
0.0,0.0,28.0,0.0,121432.0,0.0,2.0,7
1.0,1.0,25.0,1.0,162445.0,1.0,0.0,1
0.0,1.0,35.0,1.0,134112.0,1.0,1.0,6
0.0,0.0,46.99999999999999,1.0,131842.0,1.0,1.0,7
1.0,1.0,30.0,1.0,189896.0,2.0,0.0,5
1.0,1.0,27.0,1.0,109098.99999999999,1.0,2.0,8
1.0,1.0,23.0,1.0,153539.0,1.0,1.0,5
0.0,1.0,36.0,1.0,180495.0,2.0,1.0,6
1.0,1.0,25.0,1.0,104653.00000000001,1.0,2.0,8
1.0,1.0,41.0,2.0,166933.0,2.0,2.0,8
0.0,0.0,24.0,0.0,66118.0,0.0,0.0,3
0.0,0.0,63.0,2.0,135754.0,1.0,0.0,3
1.0,1.0,27.0,1.0,116103.0,1.0,2.0,8
0.0,0.0,30.0,0.0,104292.99999999999,1.0,1.0,7
0.0,1.0,40.0,1.0,71702.0,0.0,0.0,2
0.0,0.0,30.0,0.0,99066.0,1.0,2.0,0
0.0,0.0,34.0,1.0,143979.0,2.0,2.0,0
1.0,1.0,29.0,1.0,123818.0,1.0,0.0,1
1.0,1.0,24.0,1.0,176714.0,1.0,2.0,8
0.0,0.0,29.0,0.0,149249.0,1.0,2.0,0
0.0,0.0,27.0,0.0,77535.0,0.0,0.0,3
0.0,0.0,46.99999999999999,1.0,116540.0,1.0,1.0,7
1.0,1.0,21.0,1.0,194728.0,1.0,0.0,1
1.0,1.0,38.0,1.0,109311.0,1.0,2.0,8
0.0,0.0,27.0,0.0,204722.99999999997,1.0,2.0,0
0.0,0.0,66.0,2.0,126003.0,0.0,0.0,3
0.0,0.0,35.0,1.0,123109.00000000001,1.0,1.0,7
1.0,1.0,44.0,2.0,108251.00000000001,0.0,0.0,9
0.0,1.0,27.0,1.0,89908.0,0.0,0.0,2
1.0,1.0,30.0,1.0,176057.0,2.0,1.0,8
0.0,0.0,27.0,0.0,144332.0,2.0,2.0,0
0.0,0.0,22.0,0.0,101184.99999999999,1.0,1.0,7
1.0,1.0,23.0,1.0,107406.0,1.0,2.0,8
0.0,0.0,30.0,0.0,140665.0,1.0,1.0,7
1.0,1.0,39.0,2.0,106461.0,1.0,0.0,1
1.0,1.0,51.0,2.0,127825.0,1.0,0.0,1
0.0,0.0,28.0,0.0,133898.0,1.0,1.0,7
0.0,0.0,45.99999999999999,1.0,152383.0,1.0,2.0,0
0.0,0.0,42.0,1.0,119926.00000000001,1.0,0.0,3
0.0,0.0,38.0,1.0,108783.99999999999,1.0,2.0,0
0.0,0.0,24.0,0.0,153286.0,1.0,1.0,7
1.0,1.0,29.0,1.0,214203.99999999997,1.0,2.0,8
0.0,0.0,36.0,1.0,208100.99999999997,2.0,2.0,0
1.0,1.0,20.0,1.0,95355.0,1.0,1.0,5
0.0,0.0,48.0,1.0,124156.0,1.0,1.0,7
0.0,1.0,44.99999999999999,2.0,72215.0,0.0,0.0,2
0.0,0.0,38.0,1.0,146529.0,1.0,2.0,0
0.0,0.0,34.0,1.0,75343.0,0.0,0.0,3
0.0,0.0,36.0,1.0,129789.0,1.0,1.0,7
1.0,1.0,30.0,1.0,101153.00000000001,1.0,1.0,5
0.0,0.0,36.0,1.0,127833.0,1.0,2.0,0
0.0,0.0,70.0,2.0,224998.0,2.0,2.0,0
0.0,0.0,36.0,1.0,124445.0,1.0,2.0,0
0.0,0.0,32.0,0.0,141116.0,1.0,1.0,7
1.0,1.0,33.0,1.0,104276.0,1.0,2.0,8
1.0,1.0,20.0,1.0,147687.0,1.0,2.0,8
1.0,1.0,25.0,1.0,125168.0,1.0,1.0,5
0.0,1.0,31.0,1.0,115369.0,1.0,2.0,6
0.0,0.0,33.0,1.0,95444.99999999999,1.0,0.0,3
1.0,1.0,26.0,1.0,95158.99999999999,1.0,1.0,5
1.0,1.0,34.0,1.0,153031.0,2.0,2.0,8
0.0,0.0,33.0,1.0,108899.0,1.0,0.0,3
0.0,0.0,26.0,0.0,113515.00000000001,1.0,1.0,7
1.0,1.0,53.0,2.0,211229.00000000003,2.0,0.0,5
0.0,1.0,42.0,2.0,121306.99999999999,1.0,0.0,2
0.0,0.0,52.0,1.0,131727.0,1.0,2.0,0
0.0,0.0,31.0,0.0,133574.0,2.0,1.0,0
0.0,0.0,65.0,2.0,117334.0,1.0,0.0,3
0.0,1.0,28.0,1.0,177291.0,1.0,2.0,6
0.0,1.0,30.0,1.0,168763.0,2.0,1.0,6
0.0,0.0,40.0,1.0,77720.0,0.0,0.0,3
0.0,0.0,50.0,1.0,176645.0,1.0,2.0,0
0.0,0.0,36.0,1.0,106205.0,1.0,1.0,7
0.0,0.0,31.0,0.0,97785.0,1.0,1.0,7
0.0,0.0,68.0,2.0,74525.0,0.0,0.0,3
0.0,1.0,20.0,1.0,98988.00000000001,1.0,0.0,2
1.0,1.0,33.0,1.0,133561.0,1.0,1.0,5
0.0,0.0,54.0,1.0,217651.0,2.0,2.0,0
0.0,0.0,34.0,1.0,116525.0,0.0,0.0,3
0.0,0.0,36.0,1.0,135302.0,1.0,2.0,0
0.0,1.0,29.0,1.0,106434.0,1.0,1.0,6
0.0,0.0,21.0,0.0,128350.0,1.0,2.0,0
1.0,1.0,34.0,1.0,147626.0,2.0,2.0,8
1.0,1.0,28.0,1.0,102696.99999999999,1.0,0.0,1
1.0,1.0,27.0,1.0,120261.99999999999,1.0,0.0,1
0.0,0.0,36.0,1.0,124214.0,1.0,2.0,0
0.0,1.0,40.0,1.0,175223.0,2.0,1.0,6
0.0,0.0,52.0,1.0,137467.0,1.0,0.0,3
0.0,1.0,27.0,1.0,65815.0,0.0,0.0,2
0.0,0.0,26.0,0.0,129864.0,1.0,1.0,7
0.0,1.0,21.0,1.0,88475.0,1.0,1.0,6
0.0,0.0,38.0,1.0,74666.0,0.0,0.0,3
0.0,0.0,38.0,1.0,222294.0,2.0,2.0,0
0.0,0.0,43.0,1.0,112878.00000000001,1.0,0.0,3
0.0,0.0,26.0,0.0,103411.00000000001,1.0,2.0,0
0.0,1.0,21.0,1.0,112868.0,0.0,0.0,2
0.0,0.0,55.0,1.0,157940.0,1.0,2.0,0
0.0,0.0,33.0,1.0,115835.0,1.0,2.0,0
1.0,1.0,44.99999999999999,2.0,109807.0,0.0,0.0,9
0.0,0.0,50.0,1.0,150699.0,1.0,1.0,7
0.0,0.0,66.0,2.0,178967.0,2.0,0.0,7
0.0,0.0,51.0,1.0,132767.0,1.0,0.0,3
1.0,1.0,39.0,2.0,86151.99999999999,0.0,0.0,9
0.0,0.0,31.0,0.0,114528.0,1.0,2.0,0
0.0,0.0,23.0,0.0,133912.0,1.0,1.0,7
0.0,1.0,24.0,1.0,81210.0,0.0,0.0,2
1.0,1.0,64.0,3.0,131242.0,1.0,0.0,1
0.0,1.0,26.0,1.0,68804.0,0.0,0.0,2
1.0,1.0,23.0,1.0,96960.99999999999,1.0,1.0,5
0.0,0.0,30.0,0.0,90719.0,1.0,2.0,0
0.0,0.0,32.0,0.0,114115.99999999999,1.0,1.0,7
0.0,0.0,30.0,0.0,128639.0,1.0,1.0,7
0.0,0.0,27.0,0.0,106623.0,1.0,1.0,7
0.0,0.0,53.0,1.0,207783.00000000003,2.0,1.0,0
0.0,0.0,22.0,0.0,91739.0,1.0,1.0,7
0.0,0.0,22.0,0.0,107780.0,1.0,2.0,0
0.0,0.0,26.0,0.0,139157.0,1.0,2.0,0
0.0,0.0,51.0,1.0,121751.00000000001,0.0,0.0,3
0.0,0.0,35.0,1.0,121974.0,1.0,0.0,3
0.0,1.0,25.0,1.0,70320.0,0.0,0.0,2
0.0,0.0,42.0,1.0,78327.0,0.0,0.0,3
0.0,0.0,30.0,0.0,131433.0,2.0,0.0,7
0.0,0.0,23.0,0.0,167076.0,0.0,2.0,7
0.0,1.0,61.0,2.0,130788.0,0.0,0.0,2
1.0,1.0,35.0,1.0,107407.99999999999,1.0,1.0,5
0.0,0.0,39.0,1.0,115323.0,1.0,1.0,7
1.0,1.0,29.0,1.0,99012.0,1.0,0.0,1
0.0,0.0,51.0,1.0,115996.0,1.0,1.0,7
0.0,0.0,24.0,0.0,123353.0,1.0,1.0,7
1.0,1.0,27.0,1.0,100008.00000000001,1.0,0.0,1
1.0,1.0,35.0,1.0,125105.0,0.0,0.0,9
0.0,0.0,25.0,0.0,92020.0,1.0,2.0,0
0.0,0.0,52.0,1.0,108365.0,1.0,2.0,0
0.0,0.0,35.0,1.0,112979.0,1.0,0.0,3
0.0,0.0,26.0,0.0,117221.0,1.0,1.0,7
1.0,1.0,22.0,1.0,88799.99999999999,1.0,2.0,8
1.0,1.0,39.0,2.0,115099.0,0.0,0.0,9
1.0,1.0,45.99999999999999,2.0,113399.0,0.0,0.0,9
1.0,1.0,24.0,1.0,115879.0,1.0,1.0,5
0.0,0.0,35.0,1.0,141270.0,1.0,2.0,0
0.0,0.0,24.0,0.0,107633.0,1.0,1.0,7
0.0,0.0,27.0,0.0,131751.0,0.0,0.0,3
0.0,0.0,35.0,1.0,83687.0,0.0,0.0,3
0.0,1.0,29.0,1.0,106828.0,1.0,2.0,6
1.0,1.0,23.0,1.0,135537.0,1.0,1.0,5
1.0,1.0,57.0,2.0,107142.0,0.0,0.0,9
0.0,0.0,27.0,0.0,97445.99999999999,1.0,1.0,7
1.0,1.0,55.0,2.0,126357.0,1.0,2.0,8
0.0,0.0,36.0,1.0,169617.0,2.0,1.0,0
1.0,1.0,57.0,2.0,108944.99999999999,0.0,0.0,9
0.0,0.0,32.0,0.0,67345.0,0.0,0.0,3
0.0,0.0,37.0,1.0,106215.00000000001,1.0,0.0,3
0.0,0.0,36.0,1.0,149237.0,1.0,0.0,3
1.0,1.0,38.0,1.0,112124.0,1.0,0.0,1
0.0,1.0,44.99999999999999,2.0,215150.0,2.0,2.0,6
0.0,0.0,25.0,0.0,89534.0,1.0,1.0,7
0.0,0.0,32.0,0.0,111082.0,1.0,2.0,0
1.0,1.0,37.0,1.0,137069.0,1.0,1.0,5
0.0,0.0,28.0,0.0,120712.0,1.0,1.0,7
0.0,1.0,34.0,1.0,175367.0,0.0,0.0,2
0.0,0.0,32.0,0.0,111418.00000000001,1.0,1.0,7
1.0,1.0,26.0,1.0,110913.0,1.0,0.0,1
0.0,1.0,49.0,2.0,84267.0,0.0,0.0,2
1.0,1.0,32.0,1.0,136886.0,1.0,2.0,8
0.0,0.0,29.0,0.0,144884.0,2.0,2.0,0
0.0,0.0,23.0,0.0,151180.0,1.0,1.0,7
0.0,0.0,50.0,1.0,114997.0,1.0,1.0,7
0.0,0.0,49.0,1.0,100961.0,0.0,0.0,3
0.0,0.0,63.0,2.0,124849.0,1.0,2.0,0
0.0,1.0,37.0,1.0,152308.0,1.0,2.0,6
1.0,1.0,35.0,1.0,167945.0,0.0,1.0,1
0.0,0.0,26.0,0.0,126706.0,1.0,2.0,0
0.0,0.0,31.0,0.0,210017.0,2.0,2.0,0
1.0,1.0,49.0,2.0,125665.0,1.0,1.0,5
0.0,1.0,48.0,2.0,111184.0,1.0,1.0,6
0.0,1.0,26.0,1.0,94133.99999999999,1.0,0.0,2
0.0,1.0,28.0,1.0,214620.00000000003,2.0,1.0,6
1.0,1.0,44.0,2.0,193816.0,2.0,1.0,8
0.0,0.0,56.0,1.0,168714.0,1.0,1.0,7
0.0,1.0,45.99999999999999,2.0,202997.0,2.0,1.0,6
1.0,1.0,26.0,1.0,192451.0,1.0,2.0,8
1.0,1.0,20.0,1.0,127928.0,1.0,2.0,8
0.0,0.0,44.99999999999999,1.0,78253.0,0.0,0.0,3
0.0,0.0,43.0,1.0,118445.99999999999,1.0,1.0,7
0.0,0.0,32.0,0.0,161379.0,1.0,2.0,0
1.0,1.0,54.0,2.0,56622.0,0.0,0.0,9
1.0,1.0,42.0,2.0,146117.0,1.0,1.0,5
0.0,0.0,37.0,1.0,90418.0,0.0,0.0,3
0.0,0.0,49.0,1.0,109053.0,1.0,0.0,3
0.0,0.0,44.0,1.0,219319.0,1.0,0.0,7
0.0,1.0,33.0,1.0,144701.0,1.0,1.0,6
1.0,1.0,24.0,1.0,102424.99999999999,0.0,0.0,9
0.0,1.0,33.0,1.0,79867.0,0.0,0.0,2
1.0,1.0,24.0,1.0,107114.0,1.0,2.0,8
0.0,1.0,22.0,1.0,62262.99999999999,0.0,0.0,2
0.0,0.0,40.0,1.0,92567.0,0.0,0.0,3
0.0,0.0,25.0,0.0,146349.0,1.0,0.0,3
1.0,1.0,26.0,1.0,141825.0,1.0,1.0,5
0.0,1.0,25.0,1.0,68582.0,0.0,0.0,2
0.0,0.0,29.0,0.0,85476.0,0.0,0.0,3
0.0,0.0,31.0,0.0,111091.0,1.0,2.0,0
0.0,0.0,38.0,1.0,67110.0,0.0,0.0,3
1.0,1.0,48.0,2.0,126153.99999999999,0.0,0.0,9
0.0,0.0,32.0,0.0,92256.99999999999,1.0,2.0,0
1.0,1.0,27.0,1.0,93605.0,0.0,0.0,9
0.0,1.0,28.0,1.0,165190.0,2.0,0.0,6
0.0,1.0,32.0,1.0,107194.99999999999,1.0,0.0,2
0.0,0.0,34.0,1.0,145059.0,2.0,0.0,7
0.0,0.0,28.0,0.0,148363.0,1.0,0.0,3
1.0,1.0,36.0,1.0,105681.0,1.0,2.0,8
0.0,0.0,39.0,1.0,93732.0,0.0,0.0,3
0.0,0.0,49.0,1.0,154778.0,1.0,2.0,0
1.0,1.0,34.0,1.0,149356.0,1.0,2.0,8
0.0,0.0,31.0,0.0,145670.0,1.0,1.0,7
0.0,0.0,28.0,0.0,101589.0,1.0,2.0,0
1.0,1.0,30.0,1.0,122419.99999999999,1.0,0.0,1
1.0,1.0,24.0,1.0,209855.99999999997,2.0,1.0,8
1.0,1.0,24.0,1.0,181003.0,0.0,0.0,9
0.0,0.0,23.0,0.0,117804.00000000001,1.0,1.0,7
0.0,1.0,44.0,2.0,160650.0,2.0,1.0,6
1.0,1.0,23.0,1.0,84611.0,0.0,0.0,9
1.0,1.0,24.0,1.0,98479.0,1.0,2.0,8
0.0,0.0,28.0,0.0,122358.99999999999,1.0,2.0,0
0.0,1.0,31.0,1.0,81394.0,0.0,0.0,2
1.0,1.0,24.0,1.0,150372.0,1.0,1.0,5
1.0,1.0,26.0,1.0,92385.0,0.0,0.0,9
0.0,1.0,25.0,1.0,149851.0,1.0,2.0,6
0.0,0.0,33.0,1.0,167939.0,2.0,1.0,0
0.0,0.0,37.0,1.0,115426.00000000001,0.0,0.0,3
1.0,1.0,43.0,2.0,85401.99999999999,0.0,0.0,9
0.0,0.0,23.0,0.0,95815.0,1.0,2.0,0
1.0,1.0,23.0,1.0,97518.0,0.0,0.0,9
0.0,0.0,34.0,1.0,87355.0,0.0,0.0,3
0.0,0.0,32.0,0.0,145933.0,1.0,1.0,7
1.0,1.0,23.0,1.0,97307.0,1.0,0.0,1
1.0,1.0,29.0,1.0,108434.0,1.0,2.0,8
0.0,0.0,38.0,1.0,151312.0,2.0,1.0,0
0.0,0.0,28.0,0.0,141847.0,1.0,1.0,7
0.0,0.0,45.99999999999999,1.0,130675.0,1.0,2.0,0
0.0,0.0,23.0,0.0,69309.0,0.0,0.0,3
0.0,0.0,49.0,1.0,121466.0,1.0,2.0,0
0.0,0.0,26.0,0.0,153586.0,2.0,2.0,0
0.0,1.0,28.0,1.0,92848.99999999999,1.0,0.0,2
1.0,1.0,23.0,1.0,108539.00000000001,1.0,2.0,8
0.0,0.0,61.0,2.0,129556.0,1.0,2.0,0
0.0,0.0,37.0,1.0,170146.0,2.0,0.0,7
1.0,1.0,36.0,1.0,135383.0,1.0,1.0,5
0.0,1.0,21.0,1.0,96768.99999999999,1.0,2.0,6
0.0,0.0,25.0,0.0,43684.0,0.0,0.0,3
0.0,0.0,36.0,1.0,103521.0,1.0,0.0,3
0.0,0.0,27.0,0.0,118499.0,1.0,1.0,7
1.0,1.0,22.0,1.0,119683.99999999999,1.0,2.0,8
0.0,0.0,42.0,1.0,126586.0,1.0,1.0,7
1.0,1.0,40.0,2.0,136812.0,1.0,2.0,8
0.0,0.0,36.0,1.0,118277.0,1.0,1.0,7
0.0,0.0,33.0,1.0,144597.0,1.0,1.0,7
1.0,1.0,23.0,1.0,106043.00000000001,1.0,0.0,1
1.0,1.0,37.0,1.0,170386.0,1.0,1.0,5
0.0,1.0,34.0,1.0,112458.0,1.0,0.0,2
0.0,0.0,36.0,1.0,96840.0,1.0,1.0,7
1.0,1.0,52.0,2.0,95550.99999999999,0.0,0.0,9
0.0,0.0,39.0,1.0,112347.0,1.0,2.0,0
1.0,1.0,25.0,1.0,99354.0,1.0,0.0,1
0.0,0.0,26.0,0.0,111508.99999999999,1.0,2.0,0
0.0,0.0,26.0,0.0,105251.99999999999,0.0,0.0,3
1.0,1.0,25.0,1.0,108522.0,1.0,0.0,1
1.0,1.0,21.0,1.0,94655.0,1.0,1.0,5
0.0,0.0,40.0,1.0,201698.99999999997,2.0,1.0,0
0.0,0.0,27.0,0.0,139868.0,1.0,2.0,0
1.0,1.0,27.0,1.0,102542.99999999999,1.0,1.0,5
0.0,1.0,30.0,1.0,134467.0,2.0,2.0,6
1.0,1.0,19.0,1.0,111186.99999999999,0.0,0.0,9
0.0,0.0,39.0,1.0,152302.0,2.0,1.0,0
1.0,1.0,31.0,1.0,110610.0,1.0,2.0,8
0.0,0.0,31.0,0.0,137827.0,2.0,2.0,0
0.0,0.0,32.0,0.0,220922.99999999997,1.0,2.0,0
1.0,1.0,55.0,2.0,165717.0,2.0,2.0,8
0.0,1.0,45.99999999999999,2.0,122299.0,1.0,0.0,2
0.0,1.0,45.99999999999999,2.0,120499.0,1.0,0.0,2
1.0,1.0,43.0,2.0,126449.0,0.0,0.0,9
0.0,1.0,39.0,1.0,108315.0,1.0,2.0,6
0.0,1.0,28.0,1.0,112515.00000000001,1.0,1.0,6
0.0,0.0,27.0,0.0,164559.0,1.0,1.0,7
0.0,0.0,27.0,0.0,59238.0,0.0,0.0,3
0.0,0.0,43.0,1.0,131133.0,1.0,0.0,3
0.0,1.0,22.0,1.0,109188.0,1.0,0.0,2
0.0,0.0,43.0,1.0,115393.0,1.0,1.0,7
0.0,1.0,27.0,1.0,94711.0,1.0,2.0,6
0.0,1.0,26.0,1.0,171860.0,2.0,0.0,6
0.0,1.0,28.0,1.0,139414.0,1.0,2.0,6
1.0,1.0,20.0,1.0,110930.99999999999,1.0,1.0,5
0.0,0.0,35.0,1.0,187549.0,2.0,2.0,0
0.0,0.0,42.0,1.0,145508.0,2.0,0.0,7
0.0,0.0,40.0,1.0,104240.0,0.0,0.0,3
1.0,1.0,35.0,1.0,108272.0,1.0,1.0,5
0.0,0.0,35.0,1.0,144004.0,1.0,2.0,0
0.0,0.0,33.0,1.0,81083.0,0.0,0.0,3
1.0,1.0,23.0,1.0,166763.0,1.0,1.0,5
1.0,1.0,31.0,1.0,175530.0,2.0,1.0,8
1.0,1.0,33.0,1.0,112422.0,1.0,1.0,5
1.0,1.0,20.0,1.0,154134.0,1.0,2.0,8
0.0,0.0,30.0,0.0,112401.0,1.0,1.0,7
0.0,0.0,46.99999999999999,1.0,85689.99999999999,0.0,0.0,3
0.0,0.0,34.0,1.0,145896.0,2.0,2.0,0
1.0,1.0,25.0,1.0,122552.0,1.0,2.0,8
0.0,1.0,21.0,1.0,115494.00000000001,1.0,2.0,6
0.0,0.0,29.0,0.0,109467.0,1.0,0.0,3
0.0,0.0,45.99999999999999,1.0,148226.0,1.0,2.0,0
0.0,0.0,20.0,0.0,88559.0,1.0,1.0,7
1.0,1.0,55.0,2.0,62393.0,0.0,0.0,9
0.0,0.0,29.0,0.0,230883.0,2.0,2.0,0
0.0,0.0,36.0,1.0,136689.0,2.0,2.0,0
0.0,1.0,33.0,1.0,109145.0,1.0,0.0,2
0.0,0.0,25.0,0.0,100449.0,1.0,2.0,0
0.0,1.0,25.0,1.0,106253.0,1.0,0.0,2
0.0,1.0,23.0,1.0,84747.0,0.0,0.0,2
1.0,1.0,37.0,1.0,149465.0,1.0,1.0,5
0.0,0.0,65.0,2.0,84435.0,0.0,0.0,3
1.0,1.0,26.0,1.0,51681.0,0.0,0.0,9
0.0,0.0,39.0,1.0,139198.0,2.0,1.0,0
1.0,1.0,30.0,1.0,106577.0,1.0,1.0,5
0.0,0.0,29.0,0.0,117372.0,1.0,2.0,0
0.0,0.0,41.0,1.0,69609.0,0.0,0.0,3
1.0,1.0,30.0,1.0,178947.0,2.0,2.0,8
1.0,1.0,41.0,2.0,81743.0,0.0,0.0,9
1.0,1.0,34.0,1.0,111900.0,1.0,1.0,5
0.0,0.0,35.0,1.0,121650.0,1.0,0.0,3
1.0,1.0,55.0,2.0,172639.0,2.0,2.0,8
0.0,1.0,61.0,2.0,175740.0,1.0,1.0,6
0.0,0.0,30.0,0.0,220050.0,2.0,2.0,0
1.0,1.0,29.0,1.0,95199.99999999999,1.0,1.0,5
0.0,0.0,34.0,1.0,113609.0,1.0,1.0,7
0.0,0.0,35.0,1.0,143552.0,2.0,2.0,0
0.0,0.0,31.0,0.0,130973.0,1.0,2.0,0
1.0,1.0,29.0,1.0,145946.0,2.0,2.0,8
0.0,0.0,36.0,1.0,126205.99999999999,1.0,1.0,7
0.0,0.0,35.0,1.0,120426.0,1.0,0.0,3
1.0,1.0,27.0,1.0,91925.0,1.0,2.0,8
0.0,0.0,32.0,0.0,129630.0,1.0,2.0,0
0.0,0.0,37.0,1.0,124268.0,1.0,2.0,0
0.0,0.0,36.0,1.0,105240.0,1.0,1.0,7
1.0,1.0,34.0,1.0,162180.0,2.0,0.0,5
0.0,0.0,38.0,1.0,106552.0,1.0,2.0,0
0.0,0.0,34.0,1.0,105843.0,1.0,2.0,0
0.0,0.0,63.0,2.0,138327.0,1.0,1.0,7
1.0,1.0,29.0,1.0,76154.0,0.0,0.0,9
0.0,0.0,32.0,0.0,155012.0,1.0,1.0,7
1.0,1.0,26.0,1.0,114369.0,1.0,1.0,5
0.0,0.0,35.0,1.0,102839.0,0.0,0.0,3
0.0,1.0,22.0,1.0,132796.0,1.0,0.0,2
1.0,1.0,23.0,1.0,89742.0,1.0,2.0,8
0.0,0.0,28.0,0.0,58615.0,0.0,0.0,3
0.0,0.0,36.0,1.0,130603.0,2.0,2.0,0
0.0,1.0,33.0,1.0,110340.0,1.0,0.0,2
1.0,1.0,26.0,1.0,117729.0,1.0,2.0,8
0.0,0.0,24.0,0.0,130807.99999999999,1.0,0.0,3
0.0,0.0,25.0,0.0,147402.0,1.0,2.0,0
0.0,0.0,39.0,1.0,93567.0,0.0,0.0,3
0.0,0.0,44.0,1.0,109289.0,1.0,1.0,7
1.0,1.0,23.0,1.0,98742.0,0.0,0.0,9
0.0,0.0,26.0,0.0,101270.0,1.0,0.0,3
1.0,1.0,57.0,2.0,187835.0,1.0,1.0,5
1.0,1.0,30.0,1.0,140741.0,1.0,0.0,1
0.0,0.0,44.0,1.0,133265.0,1.0,2.0,0
0.0,0.0,46.99999999999999,1.0,148100.0,2.0,2.0,0
0.0,0.0,52.0,1.0,131020.99999999999,1.0,2.0,0
1.0,1.0,62.0,2.0,152620.0,1.0,2.0,8
0.0,0.0,35.0,1.0,85033.0,0.0,0.0,3
0.0,0.0,26.0,0.0,114514.0,1.0,1.0,7
0.0,0.0,26.0,0.0,99307.0,1.0,1.0,7
1.0,1.0,42.0,2.0,219451.0,2.0,2.0,8
1.0,1.0,27.0,1.0,114007.00000000001,1.0,0.0,1
0.0,0.0,38.0,1.0,102846.0,1.0,0.0,3
0.0,0.0,39.0,1.0,81483.0,0.0,0.0,3
0.0,1.0,20.0,1.0,107779.0,1.0,2.0,6
0.0,0.0,29.0,0.0,222360.00000000003,2.0,2.0,0
0.0,0.0,40.0,1.0,107125.0,1.0,0.0,3
0.0,1.0,32.0,1.0,80080.0,0.0,0.0,2
0.0,1.0,28.0,1.0,129600.0,1.0,0.0,2
1.0,1.0,27.0,1.0,118613.0,1.0,1.0,5
0.0,0.0,42.0,1.0,146237.0,1.0,1.0,7
0.0,1.0,49.0,2.0,144461.0,1.0,2.0,6
0.0,0.0,38.0,1.0,124487.0,1.0,0.0,3
1.0,1.0,24.0,1.0,97826.0,1.0,0.0,1
0.0,0.0,27.0,0.0,64104.99999999999,0.0,0.0,3
0.0,0.0,36.0,1.0,156374.0,1.0,2.0,0
0.0,0.0,34.0,1.0,205383.0,2.0,2.0,0
0.0,1.0,28.0,1.0,98964.0,1.0,2.0,6
0.0,0.0,44.99999999999999,1.0,221842.0,2.0,2.0,0
0.0,0.0,26.0,0.0,88026.99999999999,1.0,2.0,0
0.0,0.0,32.0,0.0,160513.0,2.0,2.0,0
0.0,0.0,26.0,0.0,124536.0,1.0,2.0,0
0.0,1.0,20.0,1.0,93634.0,1.0,0.0,2
0.0,0.0,54.0,1.0,124725.0,1.0,0.0,3
1.0,1.0,37.0,1.0,102456.0,1.0,0.0,1
0.0,0.0,40.0,1.0,74975.0,0.0,0.0,3
1.0,1.0,23.0,1.0,153861.0,1.0,1.0,5
0.0,0.0,43.0,1.0,119351.0,1.0,2.0,0
0.0,0.0,36.0,1.0,95437.99999999999,1.0,2.0,0
0.0,0.0,44.0,1.0,147967.0,1.0,2.0,0
1.0,1.0,24.0,1.0,116863.0,1.0,1.0,5
0.0,0.0,53.0,1.0,170622.0,1.0,1.0,7
1.0,1.0,23.0,1.0,132426.0,1.0,1.0,5
1.0,1.0,26.0,1.0,77519.0,0.0,0.0,9
0.0,0.0,30.0,0.0,169405.0,1.0,2.0,0
1.0,1.0,31.0,1.0,120030.0,1.0,0.0,1
0.0,0.0,42.0,1.0,77933.0,0.0,0.0,3
0.0,1.0,31.0,1.0,109892.0,1.0,1.0,6
0.0,0.0,41.0,1.0,69062.0,0.0,0.0,3
0.0,0.0,32.0,0.0,116348.0,1.0,0.0,3
1.0,1.0,28.0,1.0,137188.0,1.0,1.0,5
0.0,1.0,41.0,1.0,110199.0,1.0,0.0,2
0.0,1.0,26.0,1.0,109890.00000000001,1.0,1.0,6
0.0,0.0,25.0,0.0,109751.0,1.0,2.0,0
0.0,1.0,33.0,1.0,129651.0,1.0,1.0,6
1.0,1.0,37.0,1.0,140285.0,1.0,1.0,5
0.0,0.0,42.0,1.0,198029.0,2.0,2.0,0
1.0,1.0,44.99999999999999,2.0,120261.99999999999,0.0,0.0,9
0.0,1.0,23.0,1.0,105137.0,1.0,1.0,6
0.0,0.0,60.0,2.0,127371.00000000001,1.0,0.0,3
0.0,0.0,31.0,0.0,145689.0,1.0,0.0,3
0.0,0.0,34.0,1.0,102617.0,0.0,1.0,7
0.0,0.0,61.0,2.0,90708.99999999999,0.0,0.0,3
0.0,0.0,43.0,1.0,107099.0,1.0,1.0,7
1.0,1.0,37.0,1.0,116021.0,1.0,2.0,8
0.0,0.0,32.0,0.0,100426.0,1.0,2.0,0
1.0,1.0,24.0,1.0,62249.0,0.0,0.0,9
0.0,0.0,35.0,1.0,172957.0,1.0,1.0,7
1.0,1.0,23.0,1.0,95002.99999999999,1.0,1.0,5
0.0,0.0,44.99999999999999,1.0,109698.0,0.0,0.0,3
0.0,1.0,34.0,1.0,157376.0,1.0,0.0,2
0.0,0.0,27.0,0.0,123190.99999999999,1.0,2.0,0
1.0,1.0,67.0,3.0,171052.0,2.0,0.0,5
0.0,0.0,22.0,0.0,99328.00000000001,1.0,0.0,3
1.0,1.0,28.0,1.0,133799.0,1.0,2.0,8
1.0,1.0,29.0,1.0,138256.0,1.0,2.0,8
0.0,0.0,27.0,0.0,115638.0,1.0,0.0,3
0.0,0.0,31.0,0.0,82238.0,0.0,0.0,3
0.0,0.0,49.0,1.0,127543.0,1.0,1.0,7
0.0,0.0,24.0,0.0,63987.00000000001,0.0,0.0,3
1.0,1.0,29.0,1.0,114784.0,1.0,0.0,1
0.0,0.0,37.0,1.0,217449.99999999997,1.0,1.0,7
0.0,0.0,37.0,1.0,173751.0,2.0,2.0,0
1.0,1.0,23.0,1.0,122850.0,1.0,0.0,1
0.0,1.0,36.0,1.0,104953.0,1.0,0.0,2
0.0,0.0,34.0,1.0,152371.0,1.0,1.0,7
0.0,0.0,41.0,1.0,139905.0,1.0,0.0,3
1.0,1.0,31.0,1.0,156700.0,1.0,1.0,5
1.0,1.0,23.0,1.0,86487.99999999999,0.0,0.0,9
0.0,0.0,38.0,1.0,147472.0,1.0,0.0,3
1.0,1.0,26.0,1.0,169991.0,2.0,0.0,5
1.0,1.0,22.0,1.0,62380.99999999999,0.0,0.0,9
0.0,0.0,27.0,0.0,70926.0,0.0,0.0,3
1.0,1.0,24.0,1.0,113004.0,1.0,1.0,5
1.0,1.0,27.0,1.0,125760.0,1.0,0.0,1
1.0,1.0,33.0,1.0,111918.0,1.0,2.0,8
0.0,1.0,27.0,1.0,120674.00000000001,1.0,1.0,6
0.0,1.0,27.0,1.0,63597.00000000001,0.0,0.0,2
0.0,0.0,30.0,0.0,103068.99999999999,1.0,1.0,7
0.0,0.0,49.0,1.0,108078.99999999999,0.0,0.0,3
1.0,1.0,26.0,1.0,101159.0,1.0,1.0,5
0.0,0.0,33.0,1.0,88210.99999999999,0.0,0.0,3
1.0,1.0,52.0,2.0,159052.0,2.0,1.0,8
1.0,1.0,20.0,1.0,102623.0,1.0,2.0,8
0.0,0.0,36.0,1.0,115589.0,1.0,0.0,3
0.0,0.0,21.0,0.0,59127.0,0.0,0.0,3
0.0,1.0,46.99999999999999,2.0,82240.0,0.0,0.0,2
0.0,0.0,60.0,2.0,129425.00000000001,1.0,1.0,7
1.0,1.0,58.0,2.0,87058.0,0.0,0.0,9
1.0,1.0,42.0,2.0,128462.0,1.0,2.0,8
1.0,1.0,36.0,1.0,121403.0,0.0,0.0,9
1.0,1.0,20.0,1.0,88141.0,0.0,0.0,9
0.0,0.0,40.0,1.0,134946.0,2.0,2.0,0
1.0,1.0,32.0,1.0,94058.0,0.0,0.0,9
1.0,1.0,23.0,1.0,99285.00000000001,1.0,1.0,5
0.0,0.0,36.0,1.0,108432.0,0.0,0.0,3
0.0,0.0,31.0,0.0,111369.0,1.0,0.0,3
0.0,0.0,32.0,0.0,122612.0,1.0,2.0,0
1.0,1.0,44.99999999999999,2.0,134350.0,1.0,0.0,1
1.0,1.0,30.0,1.0,108838.00000000001,1.0,2.0,8
1.0,1.0,34.0,1.0,90851.99999999999,0.0,0.0,9
1.0,1.0,28.0,1.0,151580.0,2.0,2.0,8
1.0,1.0,23.0,1.0,115681.0,1.0,1.0,5
0.0,0.0,22.0,0.0,131699.0,1.0,1.0,7
1.0,1.0,50.0,2.0,155122.0,1.0,2.0,8
0.0,0.0,33.0,1.0,106015.0,1.0,2.0,0
0.0,0.0,44.99999999999999,1.0,108378.00000000001,1.0,0.0,3
1.0,1.0,22.0,1.0,105257.0,1.0,1.0,5
1.0,1.0,48.0,2.0,118788.00000000001,0.0,0.0,9
1.0,1.0,29.0,1.0,162955.0,1.0,2.0,8
1.0,1.0,22.0,1.0,119511.00000000001,1.0,2.0,8
1.0,1.0,22.0,1.0,102000.0,1.0,0.0,1
0.0,0.0,27.0,0.0,208446.0,2.0,2.0,0
0.0,0.0,37.0,1.0,124804.99999999999,1.0,0.0,3
1.0,1.0,21.0,1.0,139379.0,1.0,0.0,1
0.0,1.0,49.0,2.0,78296.0,0.0,0.0,2
0.0,0.0,27.0,0.0,125598.00000000001,1.0,1.0,7
0.0,0.0,32.0,0.0,100215.0,1.0,2.0,0
0.0,1.0,38.0,1.0,130950.99999999999,1.0,2.0,6
1.0,1.0,22.0,1.0,102480.0,1.0,2.0,8
0.0,0.0,65.0,2.0,136812.0,1.0,1.0,7
0.0,0.0,35.0,1.0,106919.0,1.0,1.0,7
0.0,0.0,41.0,1.0,131020.0,1.0,2.0,0
0.0,0.0,29.0,0.0,119429.0,1.0,1.0,7
0.0,0.0,36.0,1.0,154521.0,1.0,1.0,7
0.0,0.0,64.0,2.0,117842.0,0.0,0.0,3
1.0,1.0,28.0,1.0,124566.0,1.0,2.0,8
0.0,0.0,44.0,1.0,110009.0,1.0,2.0,0
0.0,0.0,23.0,0.0,101209.99999999999,1.0,1.0,7
1.0,1.0,19.0,1.0,101258.0,1.0,0.0,1
1.0,1.0,25.0,1.0,79045.0,0.0,0.0,9
0.0,0.0,46.99999999999999,1.0,110866.0,1.0,0.0,3
1.0,1.0,28.0,1.0,129640.0,1.0,2.0,8
0.0,0.0,21.0,0.0,227021.00000000003,1.0,1.0,7
1.0,1.0,34.0,1.0,108549.0,1.0,1.0,5
0.0,0.0,26.0,0.0,122693.0,1.0,0.0,3
1.0,1.0,27.0,1.0,35832.0,0.0,0.0,9
0.0,0.0,38.0,1.0,81870.0,0.0,0.0,3
0.0,0.0,40.0,1.0,179790.0,2.0,2.0,0
0.0,1.0,33.0,1.0,107158.0,1.0,1.0,6
0.0,1.0,32.0,1.0,136638.0,2.0,1.0,6
0.0,0.0,27.0,0.0,158147.0,1.0,2.0,0
0.0,1.0,32.0,1.0,132587.0,1.0,2.0,6
1.0,1.0,26.0,1.0,128140.0,1.0,2.0,8
0.0,0.0,38.0,1.0,117405.00000000001,1.0,1.0,7
0.0,0.0,40.0,1.0,68475.0,0.0,0.0,3
0.0,0.0,50.0,1.0,201656.0,2.0,2.0,0
0.0,0.0,37.0,1.0,86967.0,0.0,0.0,3
0.0,0.0,44.99999999999999,1.0,118006.00000000001,1.0,1.0,7
0.0,0.0,42.0,1.0,223629.99999999997,2.0,2.0,0
0.0,0.0,35.0,1.0,110442.0,1.0,0.0,3
0.0,0.0,22.0,0.0,115691.0,1.0,2.0,0
0.0,0.0,41.0,1.0,80232.0,0.0,0.0,3
0.0,0.0,37.0,1.0,187647.0,1.0,1.0,7
1.0,1.0,28.0,1.0,138952.0,1.0,1.0,5
0.0,0.0,41.0,1.0,162772.0,1.0,2.0,0
0.0,1.0,23.0,1.0,111862.0,1.0,1.0,6
0.0,1.0,23.0,1.0,90050.99999999999,1.0,1.0,6
0.0,0.0,50.0,1.0,121399.99999999999,1.0,1.0,7
0.0,0.0,35.0,1.0,137000.0,2.0,2.0,0
1.0,1.0,50.0,2.0,105031.0,0.0,0.0,9
0.0,0.0,27.0,0.0,172153.0,2.0,2.0,0
0.0,0.0,34.0,1.0,170184.0,1.0,1.0,7
1.0,1.0,27.0,1.0,123279.00000000001,1.0,1.0,5
0.0,0.0,43.0,1.0,140795.0,1.0,0.0,3
0.0,0.0,46.99999999999999,1.0,144456.0,1.0,0.0,3
0.0,0.0,27.0,0.0,104773.0,0.0,0.0,3
0.0,0.0,31.0,0.0,153353.0,1.0,1.0,7
0.0,0.0,42.0,1.0,223017.99999999997,2.0,1.0,0
0.0,1.0,24.0,1.0,129177.0,1.0,2.0,6
0.0,0.0,41.0,1.0,114475.0,0.0,1.0,7
1.0,1.0,26.0,1.0,161323.0,2.0,1.0,8
0.0,0.0,33.0,1.0,135765.0,1.0,2.0,0
0.0,1.0,24.0,1.0,158421.0,1.0,0.0,2
0.0,0.0,64.0,2.0,103941.0,0.0,0.0,3
1.0,1.0,26.0,1.0,101783.00000000001,1.0,2.0,8
1.0,1.0,56.0,2.0,126531.0,1.0,1.0,5
0.0,0.0,37.0,1.0,111394.0,1.0,1.0,7
0.0,1.0,33.0,1.0,103577.0,1.0,2.0,6
0.0,1.0,46.99999999999999,2.0,149545.0,1.0,1.0,6
0.0,0.0,31.0,0.0,171857.0,0.0,0.0,3
0.0,0.0,34.0,1.0,149782.0,1.0,1.0,7
0.0,0.0,27.0,0.0,112470.00000000001,1.0,1.0,7
0.0,0.0,30.0,0.0,133907.0,1.0,2.0,0
0.0,0.0,35.0,1.0,127849.0,1.0,1.0,7
0.0,0.0,31.0,0.0,160279.0,1.0,2.0,0
0.0,1.0,25.0,1.0,92365.99999999999,1.0,2.0,6
1.0,1.0,25.0,1.0,104793.99999999999,0.0,0.0,9
0.0,0.0,29.0,0.0,133436.0,1.0,1.0,7
0.0,0.0,44.0,1.0,110374.0,0.0,0.0,3
0.0,0.0,28.0,0.0,104263.0,1.0,1.0,7
0.0,0.0,50.0,1.0,138752.0,1.0,0.0,3
0.0,0.0,29.0,0.0,102723.0,1.0,0.0,3
1.0,1.0,38.0,1.0,46297.0,0.0,0.0,9
0.0,0.0,24.0,0.0,96425.0,1.0,1.0,7
0.0,0.0,40.0,1.0,158197.0,2.0,1.0,0
1.0,1.0,29.0,1.0,98008.0,0.0,0.0,9
0.0,0.0,45.99999999999999,1.0,157473.0,1.0,0.0,3
1.0,1.0,46.99999999999999,2.0,149306.0,1.0,0.0,1
0.0,0.0,41.0,1.0,139236.0,1.0,1.0,7
1.0,1.0,32.0,1.0,125890.0,1.0,2.0,8
1.0,1.0,35.0,1.0,173124.0,1.0,1.0,5
0.0,0.0,24.0,0.0,164621.0,1.0,1.0,7
1.0,1.0,25.0,1.0,124539.0,1.0,1.0,5
1.0,1.0,25.0,1.0,107614.00000000001,1.0,1.0,5
0.0,0.0,37.0,1.0,88849.0,0.0,0.0,3
0.0,0.0,32.0,0.0,148566.0,2.0,2.0,0
1.0,1.0,35.0,1.0,106515.0,1.0,2.0,8
0.0,0.0,45.99999999999999,1.0,150465.0,2.0,1.0,0
0.0,0.0,25.0,0.0,60868.0,0.0,0.0,3
0.0,0.0,63.0,2.0,183178.0,1.0,1.0,7
0.0,0.0,40.0,1.0,121448.0,1.0,2.0,0
0.0,0.0,32.0,0.0,129975.0,2.0,2.0,0
0.0,0.0,31.0,0.0,132950.0,1.0,2.0,0
0.0,1.0,31.0,1.0,169314.0,1.0,1.0,6
0.0,0.0,34.0,1.0,147958.0,2.0,1.0,0
1.0,1.0,24.0,1.0,139896.0,1.0,2.0,8
1.0,1.0,24.0,1.0,68028.0,0.0,0.0,9
1.0,1.0,66.0,3.0,133328.0,0.0,0.0,9
1.0,1.0,21.0,1.0,108518.0,1.0,2.0,8
1.0,1.0,41.0,2.0,112700.0,0.0,0.0,9
0.0,1.0,46.99999999999999,2.0,110190.0,0.0,0.0,2
1.0,1.0,25.0,1.0,105104.0,1.0,1.0,5
1.0,1.0,59.0,2.0,184753.0,1.0,1.0,5
0.0,1.0,36.0,1.0,162521.0,1.0,2.0,6
0.0,0.0,33.0,1.0,156794.0,1.0,1.0,7
0.0,0.0,21.0,0.0,65827.0,0.0,0.0,3
1.0,1.0,44.0,2.0,88490.0,0.0,0.0,9
1.0,1.0,28.0,1.0,154919.0,1.0,2.0,8
1.0,1.0,37.0,1.0,129057.99999999999,1.0,0.0,1
1.0,1.0,29.0,1.0,77532.0,0.0,0.0,9
0.0,0.0,35.0,1.0,113468.0,0.0,0.0,3
0.0,0.0,44.99999999999999,1.0,190803.0,2.0,2.0,0
1.0,1.0,26.0,1.0,121423.0,0.0,0.0,9
0.0,0.0,32.0,0.0,121347.0,1.0,1.0,7
0.0,0.0,23.0,0.0,67408.0,0.0,0.0,3
0.0,0.0,41.0,1.0,123043.00000000001,1.0,1.0,7
0.0,0.0,22.0,0.0,128386.99999999999,1.0,2.0,0
0.0,0.0,28.0,0.0,69588.0,0.0,0.0,3
1.0,1.0,23.0,1.0,109547.0,1.0,1.0,5
1.0,1.0,37.0,1.0,78840.0,0.0,0.0,9
0.0,0.0,26.0,0.0,131122.0,1.0,0.0,3
0.0,0.0,33.0,1.0,115403.0,1.0,1.0,7
1.0,1.0,49.0,2.0,110291.0,1.0,2.0,8
1.0,1.0,23.0,1.0,64811.00000000001,0.0,0.0,9
1.0,1.0,23.0,1.0,86015.0,0.0,0.0,9
1.0,1.0,25.0,1.0,142438.0,1.0,2.0,8
0.0,0.0,55.0,1.0,159303.0,1.0,1.0,7
1.0,1.0,32.0,1.0,104957.00000000001,1.0,1.0,5
0.0,0.0,39.0,1.0,121313.0,1.0,1.0,7
0.0,0.0,31.0,0.0,98101.99999999999,1.0,0.0,3
0.0,0.0,35.0,1.0,94553.99999999999,1.0,1.0,7
1.0,1.0,59.0,2.0,162591.0,1.0,1.0,5
1.0,1.0,24.0,1.0,106629.0,1.0,2.0,8
0.0,0.0,24.0,0.0,70400.0,0.0,0.0,3
0.0,1.0,27.0,1.0,121746.99999999999,1.0,2.0,6
0.0,1.0,40.0,1.0,85060.0,0.0,0.0,2
0.0,1.0,31.0,1.0,87629.99999999999,0.0,0.0,2
1.0,1.0,31.0,1.0,119673.0,1.0,0.0,1
0.0,0.0,28.0,0.0,126060.0,1.0,2.0,0
0.0,0.0,63.0,2.0,96144.99999999999,0.0,0.0,3
1.0,1.0,26.0,1.0,114829.99999999999,1.0,0.0,1
1.0,1.0,25.0,1.0,194461.0,2.0,2.0,8
0.0,0.0,36.0,1.0,150158.0,2.0,2.0,0
0.0,0.0,52.0,1.0,136323.0,1.0,2.0,0
0.0,0.0,66.0,2.0,111857.99999999999,0.0,0.0,3
1.0,1.0,25.0,1.0,100198.0,1.0,0.0,1
0.0,0.0,37.0,1.0,123452.0,1.0,2.0,0
1.0,1.0,25.0,1.0,120723.0,1.0,1.0,5
0.0,0.0,38.0,1.0,215639.0,2.0,1.0,0
1.0,1.0,67.0,3.0,166712.0,1.0,1.0,5
0.0,0.0,25.0,0.0,136300.0,1.0,1.0,7
0.0,0.0,60.0,2.0,166988.0,1.0,2.0,0
0.0,0.0,31.0,0.0,77265.0,0.0,0.0,3
1.0,1.0,23.0,1.0,85967.0,0.0,0.0,9
0.0,1.0,60.0,2.0,212020.0,2.0,0.0,6
0.0,0.0,35.0,1.0,126053.99999999999,0.0,0.0,3
0.0,0.0,40.0,1.0,144589.0,1.0,0.0,3
0.0,0.0,38.0,1.0,116722.99999999999,1.0,1.0,7
0.0,0.0,50.0,1.0,168637.0,1.0,1.0,7
0.0,0.0,27.0,0.0,139119.0,1.0,1.0,7
1.0,1.0,39.0,2.0,118610.0,1.0,2.0,8
0.0,0.0,41.0,1.0,183312.0,2.0,2.0,0
0.0,1.0,27.0,1.0,96323.0,1.0,0.0,2
0.0,1.0,51.0,2.0,149510.0,1.0,2.0,6
0.0,0.0,32.0,0.0,141922.0,1.0,2.0,0
1.0,1.0,22.0,1.0,120233.0,1.0,0.0,1
0.0,0.0,51.0,1.0,172790.0,1.0,1.0,7
1.0,1.0,22.0,1.0,66720.0,0.0,0.0,9
0.0,1.0,54.0,2.0,113024.0,1.0,1.0,6
0.0,0.0,35.0,1.0,51791.0,0.0,0.0,3
0.0,0.0,54.0,1.0,118408.0,1.0,2.0,0
1.0,1.0,48.0,2.0,101616.0,0.0,0.0,9
1.0,1.0,24.0,1.0,127250.0,1.0,0.0,1
0.0,0.0,35.0,1.0,97289.99999999999,1.0,0.0,3
1.0,1.0,24.0,1.0,106970.00000000001,0.0,0.0,9
0.0,0.0,24.0,0.0,168147.0,1.0,2.0,0
0.0,1.0,26.0,1.0,68468.0,0.0,0.0,2
0.0,0.0,65.0,2.0,120780.0,1.0,2.0,0
0.0,0.0,55.0,1.0,231992.0,2.0,2.0,0
1.0,1.0,26.0,1.0,53903.0,0.0,0.0,9
0.0,1.0,26.0,1.0,101511.00000000001,1.0,2.0,6
0.0,1.0,28.0,1.0,69046.0,0.0,0.0,2
0.0,0.0,24.0,0.0,171584.0,1.0,1.0,7
0.0,0.0,54.0,1.0,132367.0,1.0,2.0,0
0.0,0.0,45.99999999999999,1.0,134433.0,1.0,2.0,0
1.0,1.0,54.0,2.0,190518.0,1.0,0.0,1
0.0,1.0,62.0,2.0,152367.0,1.0,1.0,6
1.0,1.0,24.0,1.0,101157.0,1.0,1.0,5
0.0,1.0,26.0,1.0,96715.99999999999,1.0,2.0,6
0.0,1.0,27.0,1.0,95171.0,1.0,0.0,2
0.0,1.0,24.0,1.0,129162.00000000001,1.0,2.0,6
0.0,0.0,41.0,1.0,118742.0,1.0,0.0,3
0.0,0.0,46.99999999999999,1.0,74511.0,0.0,0.0,3
0.0,1.0,35.0,1.0,157272.0,2.0,1.0,6
0.0,1.0,30.0,1.0,102374.0,1.0,0.0,2
1.0,1.0,33.0,1.0,131492.0,1.0,0.0,1
0.0,0.0,36.0,1.0,128701.99999999999,1.0,2.0,0
0.0,0.0,46.99999999999999,1.0,177509.0,1.0,2.0,0
0.0,0.0,38.0,1.0,163451.0,1.0,1.0,7
0.0,0.0,44.0,1.0,144900.0,1.0,1.0,7
1.0,1.0,23.0,1.0,97114.99999999999,1.0,2.0,8
0.0,0.0,29.0,0.0,196568.0,1.0,2.0,0
1.0,1.0,42.0,2.0,158405.0,1.0,0.0,1
1.0,1.0,25.0,1.0,97375.99999999999,0.0,0.0,9
0.0,0.0,48.0,1.0,108678.0,1.0,1.0,7
1.0,1.0,21.0,1.0,92351.0,1.0,0.0,1
1.0,1.0,23.0,1.0,61211.00000000001,0.0,0.0,9
0.0,0.0,63.0,2.0,138644.0,1.0,0.0,3
0.0,1.0,45.99999999999999,2.0,124824.0,1.0,2.0,6
0.0,0.0,29.0,0.0,132852.0,1.0,0.0,3
0.0,0.0,28.0,0.0,81069.0,0.0,0.0,3
1.0,1.0,23.0,1.0,104094.0,1.0,2.0,8
0.0,0.0,50.0,1.0,114852.99999999999,1.0,0.0,3
0.0,0.0,46.99999999999999,1.0,130344.0,1.0,2.0,0
0.0,0.0,35.0,1.0,135090.0,1.0,0.0,3
0.0,0.0,68.0,2.0,179151.0,1.0,2.0,0
0.0,1.0,28.0,1.0,97389.99999999999,1.0,1.0,6
0.0,0.0,59.0,2.0,120159.99999999999,1.0,0.0,3
0.0,0.0,57.0,2.0,82277.0,0.0,0.0,3
0.0,1.0,33.0,1.0,110844.0,1.0,2.0,6
0.0,0.0,43.0,1.0,133105.0,1.0,0.0,3
0.0,0.0,35.0,1.0,102041.99999999999,1.0,0.0,3
0.0,0.0,32.0,0.0,69370.0,0.0,0.0,3
0.0,0.0,44.99999999999999,1.0,200297.99999999997,1.0,1.0,7
0.0,1.0,33.0,1.0,117039.0,1.0,2.0,6
1.0,1.0,40.0,2.0,107585.0,1.0,2.0,8
0.0,0.0,28.0,0.0,114428.99999999999,1.0,0.0,3
1.0,1.0,29.0,1.0,128234.0,1.0,2.0,8
0.0,0.0,26.0,0.0,128580.0,1.0,2.0,0
0.0,0.0,27.0,0.0,177757.0,1.0,1.0,7
0.0,1.0,28.0,1.0,106222.00000000001,1.0,0.0,2
1.0,1.0,35.0,1.0,118427.99999999999,1.0,2.0,8
0.0,0.0,32.0,0.0,139477.0,0.0,0.0,3
0.0,0.0,25.0,0.0,71159.0,0.0,0.0,3
1.0,1.0,20.0,1.0,131370.0,1.0,2.0,8
1.0,1.0,27.0,1.0,111567.0,1.0,2.0,8
0.0,0.0,42.0,1.0,125482.0,1.0,2.0,0
0.0,0.0,37.0,1.0,160642.0,1.0,2.0,0
1.0,1.0,24.0,1.0,92498.0,1.0,0.0,1
1.0,1.0,40.0,2.0,199711.0,1.0,2.0,8
0.0,0.0,45.99999999999999,1.0,127588.0,1.0,2.0,0
0.0,0.0,26.0,0.0,107508.0,1.0,2.0,0
1.0,1.0,24.0,1.0,94629.0,1.0,2.0,8
0.0,0.0,29.0,0.0,87598.0,0.0,2.0,7
1.0,1.0,40.0,2.0,161194.0,1.0,1.0,5
0.0,0.0,36.0,1.0,137342.0,2.0,2.0,0
0.0,0.0,28.0,0.0,116848.0,1.0,1.0,7
0.0,0.0,27.0,0.0,125190.00000000001,2.0,1.0,0
0.0,0.0,36.0,1.0,153441.0,1.0,0.0,3
0.0,0.0,38.0,1.0,195328.0,2.0,2.0,0
0.0,1.0,48.0,2.0,190413.0,1.0,0.0,2
0.0,0.0,36.0,1.0,118656.0,1.0,1.0,7
1.0,1.0,65.0,3.0,69487.0,0.0,0.0,9
0.0,1.0,43.0,2.0,145313.0,1.0,1.0,6
1.0,1.0,53.0,2.0,117005.0,1.0,1.0,5
0.0,0.0,34.0,1.0,123242.99999999999,1.0,1.0,7
0.0,0.0,34.0,1.0,180617.0,2.0,2.0,0
0.0,0.0,40.0,1.0,167019.0,1.0,0.0,3
0.0,0.0,43.0,1.0,147745.0,2.0,2.0,0
0.0,0.0,45.99999999999999,1.0,114254.00000000001,1.0,1.0,7
0.0,0.0,38.0,1.0,81155.0,0.0,0.0,3
0.0,0.0,34.0,1.0,151803.0,1.0,2.0,0
0.0,0.0,29.0,0.0,94355.99999999999,1.0,2.0,0
0.0,0.0,31.0,0.0,200621.0,2.0,2.0,0
1.0,1.0,28.0,1.0,144448.0,2.0,1.0,8
1.0,1.0,35.0,1.0,150797.0,1.0,0.0,1
1.0,1.0,33.0,1.0,84404.0,0.0,0.0,9
0.0,0.0,42.0,1.0,133373.0,1.0,2.0,0
0.0,0.0,43.0,1.0,119502.00000000001,1.0,2.0,0
0.0,1.0,44.0,2.0,131619.0,1.0,0.0,2
0.0,0.0,42.0,1.0,194084.0,1.0,2.0,0
0.0,1.0,40.0,1.0,108278.00000000001,1.0,1.0,6
0.0,0.0,36.0,1.0,130986.99999999999,2.0,1.0,0
0.0,0.0,20.0,0.0,116582.00000000001,2.0,2.0,0
0.0,0.0,24.0,0.0,85269.99999999999,0.0,0.0,3
0.0,1.0,27.0,1.0,129227.0,1.0,0.0,2
1.0,1.0,45.99999999999999,2.0,108291.0,0.0,0.0,9
1.0,1.0,33.0,1.0,103091.00000000001,0.0,0.0,9
1.0,1.0,34.0,1.0,136975.0,1.0,1.0,5
1.0,1.0,25.0,1.0,111501.99999999999,0.0,0.0,9
1.0,1.0,25.0,1.0,124750.0,1.0,1.0,5
0.0,1.0,28.0,1.0,146463.0,1.0,2.0,6
0.0,0.0,31.0,0.0,115074.99999999999,1.0,0.0,3
0.0,0.0,32.0,0.0,126368.0,1.0,0.0,3
0.0,1.0,33.0,1.0,125534.99999999999,1.0,2.0,6
0.0,0.0,39.0,1.0,153223.0,2.0,2.0,0
1.0,1.0,28.0,1.0,106872.99999999999,1.0,1.0,5
1.0,1.0,22.0,1.0,97756.99999999999,1.0,2.0,8
0.0,0.0,30.0,0.0,112151.0,1.0,1.0,7
0.0,1.0,55.0,2.0,172909.0,1.0,0.0,2
0.0,0.0,45.99999999999999,1.0,103387.0,1.0,1.0,7
1.0,1.0,21.0,1.0,93916.0,1.0,2.0,8
0.0,0.0,39.0,1.0,189963.0,1.0,2.0,0
0.0,0.0,58.0,2.0,124191.0,1.0,0.0,3
0.0,0.0,43.0,1.0,77205.0,0.0,0.0,3
0.0,0.0,24.0,0.0,65917.0,0.0,0.0,3
1.0,1.0,22.0,1.0,109676.0,1.0,0.0,1
0.0,0.0,30.0,0.0,95682.0,1.0,2.0,0
0.0,0.0,42.0,1.0,125516.0,1.0,2.0,0
1.0,1.0,23.0,1.0,99822.00000000001,1.0,0.0,1
0.0,0.0,30.0,0.0,154854.0,2.0,1.0,0
1.0,1.0,28.0,1.0,84582.0,0.0,0.0,9
0.0,1.0,30.0,1.0,145800.0,2.0,0.0,6
0.0,0.0,42.0,1.0,162869.0,1.0,1.0,7
0.0,0.0,45.99999999999999,1.0,192379.0,2.0,2.0,0
0.0,0.0,44.99999999999999,1.0,159757.0,2.0,2.0,0
0.0,0.0,31.0,0.0,69571.0,0.0,0.0,3
0.0,0.0,31.0,0.0,93648.0,1.0,2.0,0
0.0,0.0,42.0,1.0,77472.0,0.0,0.0,3
1.0,1.0,45.99999999999999,2.0,121501.0,1.0,0.0,1
1.0,1.0,30.0,1.0,207261.99999999997,1.0,0.0,1
0.0,0.0,30.0,0.0,143082.0,1.0,2.0,0
0.0,0.0,38.0,1.0,147760.0,2.0,1.0,0
0.0,1.0,43.0,2.0,82082.0,0.0,0.0,2
0.0,0.0,31.0,0.0,132991.0,1.0,1.0,7
0.0,1.0,40.0,1.0,78436.0,0.0,0.0,2
0.0,0.0,24.0,0.0,99737.0,1.0,2.0,0
1.0,1.0,28.0,1.0,164915.0,1.0,0.0,1
1.0,1.0,26.0,1.0,223185.00000000003,2.0,1.0,8
1.0,1.0,29.0,1.0,108400.0,1.0,2.0,8
1.0,1.0,57.0,2.0,194882.0,2.0,1.0,8
0.0,0.0,49.0,1.0,122186.0,0.0,0.0,3
0.0,0.0,37.0,1.0,79594.0,0.0,0.0,3
0.0,0.0,44.99999999999999,1.0,104355.0,0.0,0.0,3
0.0,0.0,30.0,0.0,135894.0,1.0,2.0,0
0.0,1.0,30.0,1.0,103698.99999999999,1.0,1.0,6
0.0,1.0,46.99999999999999,2.0,132145.0,1.0,1.0,6
0.0,0.0,29.0,0.0,117272.0,1.0,2.0,0
0.0,0.0,35.0,1.0,137932.0,1.0,0.0,3
0.0,1.0,22.0,1.0,63972.0,0.0,0.0,2
1.0,1.0,26.0,1.0,113299.0,1.0,2.0,8
0.0,0.0,23.0,0.0,108540.0,0.0,0.0,3
1.0,1.0,54.0,2.0,174424.0,2.0,2.0,8
0.0,1.0,29.0,1.0,154991.0,1.0,2.0,6
0.0,0.0,40.0,1.0,99723.0,0.0,0.0,3
0.0,0.0,22.0,0.0,114584.0,1.0,2.0,0
0.0,0.0,43.0,1.0,135275.0,0.0,0.0,3
1.0,1.0,29.0,1.0,41680.0,0.0,0.0,9
0.0,0.0,36.0,1.0,158769.0,1.0,1.0,7
1.0,1.0,33.0,1.0,120596.0,1.0,0.0,1
1.0,1.0,57.0,2.0,139641.0,0.0,0.0,9
1.0,1.0,64.0,3.0,134377.0,1.0,0.0,1
0.0,0.0,42.0,1.0,125804.0,1.0,2.0,0
0.0,0.0,46.99999999999999,1.0,91857.99999999999,0.0,0.0,3
0.0,1.0,25.0,1.0,117641.00000000001,1.0,2.0,6
0.0,0.0,49.0,1.0,188594.0,1.0,1.0,7
0.0,0.0,33.0,1.0,162827.0,2.0,2.0,0
1.0,1.0,28.0,1.0,178991.0,2.0,2.0,8
0.0,0.0,26.0,0.0,159739.0,1.0,1.0,7
0.0,0.0,30.0,0.0,73401.0,0.0,0.0,3
1.0,1.0,25.0,1.0,100794.0,1.0,2.0,8
0.0,1.0,33.0,1.0,167763.0,1.0,1.0,6
1.0,1.0,64.0,3.0,145174.0,1.0,0.0,1
0.0,0.0,29.0,0.0,176292.0,2.0,1.0,0
0.0,0.0,48.0,1.0,94024.0,0.0,0.0,3
0.0,0.0,37.0,1.0,93739.99999999999,0.0,0.0,3
0.0,0.0,34.0,1.0,85684.99999999999,0.0,0.0,3
0.0,1.0,23.0,1.0,69997.0,0.0,0.0,2
0.0,0.0,30.0,0.0,151938.0,2.0,2.0,0
0.0,0.0,50.0,1.0,122830.00000000001,1.0,1.0,7
1.0,1.0,31.0,1.0,78489.0,0.0,0.0,9
0.0,1.0,40.0,1.0,161999.0,2.0,1.0,6
0.0,0.0,38.0,1.0,98032.0,1.0,2.0,0
0.0,0.0,23.0,0.0,96060.0,1.0,0.0,3
0.0,0.0,27.0,0.0,147968.0,1.0,1.0,7
1.0,1.0,63.0,2.0,134853.0,1.0,1.0,5
0.0,0.0,66.0,2.0,157576.0,2.0,2.0,0
0.0,1.0,43.0,2.0,203738.0,2.0,1.0,6
0.0,1.0,65.0,3.0,69487.0,0.0,2.0,6
0.0,0.0,60.0,2.0,136671.0,1.0,1.0,7
0.0,1.0,62.0,2.0,174337.0,1.0,1.0,6
1.0,1.0,58.0,2.0,126710.0,1.0,1.0,5
1.0,1.0,43.0,2.0,167139.0,2.0,2.0,8
0.0,0.0,64.0,2.0,122094.0,1.0,2.0,0
0.0,1.0,37.0,3.0,170113.0,2.0,2.0,6
1.0,1.0,45.99999999999999,2.0,192698.0,2.0,1.0,8
0.0,1.0,57.0,2.0,144197.0,1.0,2.0,6
0.0,1.0,51.0,2.0,133623.0,1.0,1.0,6
1.0,1.0,32.0,3.0,171052.0,2.0,2.0,8
0.0,0.0,64.0,2.0,130492.0,1.0,2.0,0
0.0,0.0,68.0,2.0,135705.0,1.0,1.0,7
1.0,1.0,55.0,2.0,171804.0,2.0,2.0,8
1.0,1.0,34.0,3.0,134377.0,1.0,2.0,8
0.0,1.0,44.0,2.0,146716.0,1.0,1.0,6
1.0,1.0,65.0,2.0,142193.0,0.0,1.0,5
1.0,1.0,56.0,2.0,183765.0,1.0,1.0,5
1.0,1.0,42.0,2.0,218664.0,2.0,2.0,8
1.0,1.0,65.0,3.0,145174.0,1.0,2.0,8
0.0,0.0,60.0,2.0,166298.0,2.0,1.0,0
1.0,1.0,30.0,3.0,133328.0,0.0,2.0,5
0.0,0.0,63.0,2.0,129798.0,1.0,1.0,7
1.0,1.0,45.99999999999999,2.0,160678.0,1.0,2.0,8
1.0,1.0,70.0,3.0,167532.0,1.0,1.0,5
0.0,0.0,65.0,2.0,178591.0,1.0,2.0,0
0.0,1.0,54.0,2.0,149410.0,1.0,2.0,6
0.0,1.0,49.0,2.0,124658.0,1.0,2.0,6
1.0,1.0,64.0,2.0,153645.0,1.0,2.0,8
1.0,1.0,57.0,2.0,155062.0,1.0,2.0,8
1.0,1.0,42.0,2.0,199653.99999999997,1.0,2.0,8
0.0,0.0,62.0,2.0,124723.00000000001,1.0,2.0,0
1.0,1.0,41.0,2.0,127751.99999999999,1.0,2.0,8
1.0,1.0,51.0,2.0,157595.0,2.0,1.0,8
1.0,1.0,38.0,2.0,135534.0,1.0,2.0,8
1.0,1.0,56.0,2.0,166264.0,2.0,2.0,8
1.0,1.0,43.0,2.0,147259.0,1.0,1.0,5
1.0,1.0,48.0,2.0,161116.0,1.0,1.0,5
0.0,0.0,61.0,2.0,139380.0,1.0,1.0,7
0.0,1.0,48.0,2.0,213768.00000000003,2.0,2.0,6
0.0,0.0,68.0,2.0,125903.0,1.0,2.0,0
1.0,1.0,62.0,2.0,163940.0,1.0,1.0,5
1.0,1.0,56.0,2.0,173378.0,2.0,2.0,8
1.0,1.0,53.0,2.0,126847.0,1.0,1.0,5
0.0,1.0,33.0,3.0,166712.0,1.0,2.0,6
1.0,1.0,60.0,2.0,189166.0,1.0,1.0,5
1.0,1.0,46.99999999999999,2.0,161714.0,1.0,1.0,5
0.0,1.0,25.0,3.0,214364.0,2.0,2.0,6
0.0,0.0,64.0,2.0,184680.0,1.0,1.0,7
0.0,1.0,66.0,2.0,152527.0,1.0,1.0,6
1.0,1.0,60.0,2.0,194532.0,2.0,1.0,8
1.0,1.0,57.0,2.0,125883.0,1.0,2.0,8
0.0,1.0,30.0,3.0,131242.0,1.0,2.0,6
0.0,1.0,43.0,2.0,159880.0,2.0,1.0,6
0.0,0.0,57.0,2.0,165519.0,1.0,2.0,0
0.0,1.0,51.0,2.0,149653.0,1.0,1.0,6
1.0,1.0,61.0,2.0,134102.0,1.0,1.0,5
0.0,0.0,64.0,2.0,159378.0,2.0,2.0,0
0.0,1.0,41.0,2.0,205475.99999999997,2.0,1.0,6
0.0,1.0,67.0,3.0,71823.0,0.0,2.0,6
1.0,1.0,71.0,3.0,211572.0,2.0,1.0,8
0.0,0.0,59.0,2.0,136123.0,1.0,1.0,7
0.0,1.0,60.0,2.0,176372.0,1.0,1.0,6
1.0,1.0,60.0,2.0,128271.00000000001,1.0,1.0,5
1.0,1.0,44.99999999999999,2.0,169020.0,2.0,2.0,8
0.0,0.0,63.0,2.0,122267.0,1.0,2.0,0
0.0,1.0,38.0,3.0,169324.0,2.0,2.0,6
1.0,1.0,45.99999999999999,2.0,192561.0,2.0,1.0,8
0.0,1.0,55.0,2.0,145781.0,1.0,2.0,6
0.0,1.0,50.0,2.0,135376.0,1.0,1.0,6
1.0,1.0,30.0,3.0,169002.0,2.0,2.0,8
0.0,0.0,63.0,2.0,128469.0,1.0,2.0,0
0.0,0.0,67.0,2.0,135567.0,1.0,1.0,7
1.0,1.0,54.0,2.0,170644.0,2.0,2.0,8
0.0,0.0,71.0,2.0,192360.0,2.0,1.0,0
1.0,1.0,32.0,3.0,133235.0,1.0,2.0,8
0.0,0.0,62.0,2.0,164816.0,2.0,1.0,0
1.0,1.0,28.0,3.0,130148.00000000001,0.0,2.0,5
0.0,0.0,65.0,2.0,129838.0,1.0,1.0,7
1.0,1.0,48.0,2.0,157305.0,1.0,2.0,8
1.0,1.0,71.0,3.0,163654.0,1.0,1.0,5
0.0,0.0,38.0,1.0,82398.0,1.0,1.0,7
0.0,1.0,40.0,1.0,107710.0,1.0,1.0,6
0.0,0.0,49.0,1.0,122346.0,1.0,1.0,7
0.0,1.0,32.0,1.0,155540.0,2.0,1.0,6
0.0,0.0,44.99999999999999,1.0,127572.0,1.0,1.0,7
0.0,0.0,40.0,1.0,154031.0,2.0,1.0,0
0.0,0.0,66.0,2.0,164931.0,2.0,2.0,0
0.0,0.0,38.0,1.0,123003.0,1.0,2.0,0
0.0,1.0,20.0,1.0,89604.99999999999,1.0,1.0,6
0.0,0.0,48.0,1.0,117721.0,1.0,1.0,7
0.0,1.0,45.99999999999999,2.0,168904.0,2.0,1.0,6
0.0,0.0,32.0,1.0,137576.0,2.0,2.0,0
0.0,0.0,54.0,1.0,111274.0,1.0,1.0,7
0.0,1.0,24.0,1.0,94249.0,2.0,2.0,6
0.0,1.0,27.0,1.0,180940.0,2.0,1.0,6
0.0,0.0,57.0,1.0,125032.0,1.0,2.0,0
0.0,0.0,38.0,1.0,138011.0,2.0,1.0,0
0.0,0.0,40.0,1.0,144850.0,1.0,1.0,7
0.0,1.0,20.0,1.0,107270.0,1.0,2.0,6
0.0,0.0,36.0,1.0,113405.0,2.0,2.0,0
0.0,0.0,46.99999999999999,1.0,137338.0,1.0,2.0,0
0.0,0.0,64.0,2.0,125119.0,0.0,2.0,7
0.0,0.0,42.0,1.0,159745.0,2.0,2.0,0
0.0,0.0,44.0,1.0,181262.0,2.0,2.0,0
0.0,1.0,30.0,1.0,90499.99999999999,2.0,2.0,6
0.0,0.0,37.0,1.0,102733.00000000001,1.0,1.0,7
0.0,0.0,42.0,1.0,135493.0,1.0,2.0,0
0.0,1.0,62.0,2.0,169044.0,1.0,1.0,6
0.0,0.0,49.0,1.0,178549.0,1.0,2.0,0
0.0,0.0,52.0,1.0,159716.0,1.0,2.0,0
0.0,1.0,36.0,1.0,170118.0,2.0,1.0,6
0.0,0.0,49.0,1.0,143886.0,0.0,1.0,7
0.0,0.0,42.0,1.0,130164.00000000001,2.0,2.0,0
0.0,0.0,38.0,1.0,114476.00000000001,1.0,1.0,7
0.0,0.0,50.0,1.0,126143.0,1.0,1.0,7
0.0,1.0,34.0,1.0,129653.99999999999,2.0,2.0,6
0.0,0.0,43.0,1.0,123202.00000000001,1.0,2.0,0
0.0,0.0,40.0,1.0,160524.0,1.0,1.0,7
0.0,0.0,56.0,2.0,126906.00000000001,1.0,1.0,7
0.0,0.0,41.0,1.0,143994.0,2.0,2.0,0
0.0,1.0,30.0,1.0,123517.00000000001,2.0,2.0,6
0.0,1.0,28.0,1.0,129055.0,1.0,2.0,6
0.0,0.0,64.0,2.0,136312.0,0.0,2.0,7
0.0,0.0,67.0,2.0,112485.99999999999,1.0,2.0,0
0.0,0.0,37.0,1.0,152401.0,2.0,1.0,0
0.0,0.0,31.0,1.0,157453.0,2.0,1.0,0
0.0,0.0,32.0,1.0,142870.0,2.0,2.0,0
0.0,1.0,52.0,2.0,137231.0,1.0,2.0,6
0.0,1.0,31.0,1.0,104406.00000000001,1.0,1.0,6
0.0,0.0,36.0,1.0,145385.0,2.0,1.0,0
0.0,1.0,32.0,1.0,146519.0,2.0,1.0,6
0.0,0.0,51.0,1.0,126227.0,1.0,2.0,0
0.0,0.0,46.99999999999999,1.0,112227.0,2.0,1.0,0
0.0,1.0,34.0,1.0,110145.0,1.0,2.0,6
0.0,1.0,45.99999999999999,2.0,149419.0,1.0,1.0,6
0.0,1.0,42.0,1.0,176646.0,1.0,1.0,6
0.0,0.0,39.0,1.0,91018.99999999999,2.0,1.0,7
0.0,0.0,50.0,1.0,169579.0,1.0,2.0,0
0.0,0.0,42.0,1.0,142305.0,1.0,2.0,0
0.0,1.0,36.0,1.0,130602.0,1.0,1.0,6
0.0,1.0,18.0,1.0,98992.0,1.0,1.0,6
0.0,0.0,35.0,1.0,181926.0,2.0,2.0,0
0.0,0.0,38.0,1.0,152864.0,1.0,2.0,0
0.0,0.0,39.0,1.0,135837.0,2.0,2.0,0
0.0,1.0,24.0,1.0,121757.0,0.0,2.0,6
0.0,0.0,41.0,1.0,182274.0,1.0,1.0,7
0.0,0.0,36.0,1.0,149040.0,2.0,2.0,0
0.0,0.0,37.0,1.0,154196.0,2.0,2.0,0
0.0,1.0,44.99999999999999,2.0,135332.0,1.0,1.0,6
0.0,0.0,41.0,1.0,134200.0,2.0,2.0,0
0.0,0.0,36.0,1.0,177171.0,2.0,2.0,0
0.0,0.0,38.0,1.0,115964.0,0.0,2.0,7
0.0,0.0,38.0,1.0,136871.0,0.0,1.0,7
0.0,1.0,53.0,2.0,159559.0,2.0,2.0,6
0.0,0.0,35.0,1.0,113877.99999999999,1.0,2.0,0
0.0,0.0,48.0,1.0,171203.0,2.0,2.0,0
0.0,0.0,36.0,1.0,102180.00000000001,1.0,2.0,0
0.0,1.0,22.0,1.0,116844.0,2.0,1.0,6
0.0,0.0,35.0,1.0,139844.0,2.0,2.0,0
0.0,0.0,42.0,1.0,156431.0,0.0,1.0,7
0.0,0.0,39.0,1.0,116137.0,0.0,1.0,7
0.0,0.0,31.0,1.0,143081.0,1.0,1.0,7
0.0,0.0,33.0,1.0,155870.0,2.0,2.0,0
0.0,1.0,31.0,1.0,106924.0,0.0,1.0,2
0.0,0.0,42.0,1.0,102133.0,1.0,1.0,7
0.0,0.0,61.0,2.0,145227.0,0.0,1.0,7
0.0,0.0,38.0,1.0,159500.0,2.0,2.0,0
0.0,0.0,33.0,1.0,98498.0,0.0,1.0,3
0.0,0.0,48.0,1.0,159714.0,1.0,2.0,0
0.0,0.0,31.0,1.0,121852.0,0.0,1.0,7
0.0,0.0,52.0,1.0,141271.0,2.0,2.0,0
0.0,1.0,27.0,1.0,123213.0,1.0,2.0,6
0.0,0.0,40.0,1.0,143723.0,2.0,1.0,0
0.0,0.0,34.0,1.0,112538.00000000001,0.0,1.0,7
0.0,1.0,26.0,1.0,97931.99999999999,2.0,2.0,6
0.0,0.0,30.0,1.0,154003.0,0.0,1.0,7
0.0,0.0,53.0,1.0,177179.0,1.0,1.0,7
0.0,0.0,44.99999999999999,1.0,128052.0,1.0,2.0,0
0.0,0.0,32.0,1.0,114616.99999999999,2.0,1.0,0
0.0,0.0,35.0,1.0,182822.0,2.0,2.0,0
0.0,1.0,26.0,1.0,177215.0,1.0,2.0,6
0.0,0.0,30.0,1.0,110929.0,1.0,1.0,7
0.0,0.0,37.0,1.0,111821.0,1.0,1.0,7
0.0,0.0,32.0,1.0,97305.99999999999,2.0,1.0,7
0.0,1.0,40.0,1.0,157231.0,1.0,1.0,6
0.0,0.0,44.0,1.0,126906.00000000001,0.0,2.0,7
0.0,0.0,43.0,1.0,133243.0,1.0,2.0,0
0.0,0.0,51.0,1.0,112250.00000000001,1.0,1.0,7
0.0,0.0,37.0,1.0,104349.0,0.0,1.0,7
0.0,0.0,33.0,1.0,151421.0,1.0,2.0,0
0.0,1.0,32.0,1.0,178081.0,2.0,1.0,6
0.0,0.0,35.0,1.0,110181.0,0.0,2.0,7
0.0,1.0,30.0,1.0,113011.99999999999,1.0,1.0,6
0.0,1.0,35.0,1.0,154585.0,2.0,2.0,6
0.0,0.0,40.0,1.0,144704.0,2.0,1.0,0
0.0,0.0,37.0,1.0,141632.0,2.0,2.0,0
0.0,0.0,37.0,1.0,105055.0,1.0,2.0,0
0.0,0.0,37.0,1.0,124597.0,1.0,2.0,0
0.0,0.0,53.0,1.0,160164.0,2.0,1.0,0
0.0,0.0,34.0,1.0,151754.0,2.0,1.0,0
0.0,0.0,51.0,1.0,155551.0,1.0,1.0,7
0.0,1.0,26.0,1.0,94986.0,1.0,2.0,6
0.0,0.0,34.0,1.0,175800.0,0.0,1.0,7
0.0,0.0,51.0,1.0,126246.0,2.0,1.0,0
0.0,0.0,33.0,1.0,116261.0,1.0,2.0,0
0.0,1.0,32.0,1.0,117796.0,0.0,2.0,6
0.0,0.0,39.0,1.0,115362.99999999999,1.0,1.0,7
0.0,0.0,53.0,1.0,169076.0,1.0,1.0,7
0.0,0.0,34.0,1.0,97473.99999999999,2.0,2.0,0
0.0,0.0,37.0,1.0,140341.0,1.0,2.0,0
0.0,1.0,28.0,1.0,114503.0,1.0,1.0,6
0.0,1.0,25.0,1.0,102937.00000000001,1.0,2.0,6
0.0,0.0,36.0,1.0,151781.0,2.0,2.0,0
0.0,1.0,36.0,1.0,123133.0,1.0,2.0,6
0.0,0.0,35.0,1.0,118878.99999999999,1.0,2.0,0
0.0,1.0,21.0,1.0,158683.0,1.0,1.0,6
0.0,1.0,29.0,1.0,107514.00000000001,1.0,2.0,6
0.0,0.0,60.0,2.0,193879.0,1.0,1.0,7
0.0,0.0,44.99999999999999,1.0,135043.0,1.0,1.0,7
0.0,1.0,56.0,2.0,108559.0,0.0,1.0,2
0.0,1.0,30.0,1.0,121038.0,1.0,2.0,6
0.0,0.0,52.0,1.0,151947.0,2.0,2.0,0
0.0,1.0,26.0,1.0,118819.99999999999,1.0,1.0,6
0.0,0.0,43.0,1.0,121517.0,1.0,1.0,7
0.0,0.0,34.0,1.0,113571.99999999999,1.0,1.0,7
0.0,1.0,22.0,1.0,131170.0,1.0,2.0,6
0.0,0.0,42.0,1.0,92430.0,0.0,1.0,7
0.0,0.0,38.0,1.0,124554.0,0.0,1.0,7
0.0,1.0,29.0,1.0,115988.0,1.0,2.0,6
0.0,0.0,44.0,1.0,107301.00000000001,1.0,2.0,0
0.0,1.0,29.0,1.0,103766.99999999999,2.0,1.0,6
0.0,0.0,44.0,1.0,141493.0,1.0,2.0,0
0.0,0.0,38.0,1.0,154339.0,1.0,2.0,0
0.0,1.0,26.0,1.0,112369.0,0.0,1.0,2
0.0,0.0,53.0,1.0,158193.0,1.0,1.0,7
0.0,0.0,43.0,1.0,143734.0,1.0,1.0,7
0.0,0.0,33.0,1.0,121890.0,1.0,1.0,7
0.0,0.0,52.0,1.0,127609.00000000001,0.0,1.0,7
0.0,1.0,26.0,1.0,94650.0,0.0,2.0,6
0.0,0.0,38.0,1.0,175504.0,2.0,1.0,0
0.0,0.0,46.99999999999999,1.0,165495.0,1.0,2.0,0
0.0,1.0,26.0,1.0,120388.99999999999,1.0,1.0,6
0.0,1.0,36.0,1.0,165340.0,1.0,1.0,6
0.0,0.0,36.0,1.0,119803.99999999999,1.0,1.0,7
0.0,0.0,57.0,2.0,154344.0,2.0,1.0,0
0.0,1.0,31.0,1.0,106266.0,2.0,2.0,6
0.0,0.0,44.99999999999999,1.0,136129.0,1.0,1.0,7
0.0,0.0,40.0,1.0,151914.0,2.0,1.0,0
0.0,1.0,21.0,1.0,121473.0,1.0,1.0,6
0.0,0.0,45.99999999999999,1.0,127146.99999999999,1.0,2.0,0
0.0,0.0,35.0,1.0,125387.0,1.0,2.0,0
0.0,1.0,31.0,1.0,139490.0,0.0,2.0,6
0.0,0.0,51.0,1.0,124990.0,1.0,2.0,0
0.0,1.0,21.0,1.0,101471.0,2.0,1.0,6
0.0,0.0,48.0,1.0,155708.0,1.0,1.0,7
0.0,0.0,48.0,1.0,142345.0,1.0,2.0,0
0.0,0.0,68.0,2.0,148675.0,0.0,1.0,7
0.0,1.0,44.99999999999999,2.0,116484.0,1.0,2.0,6
0.0,0.0,35.0,1.0,150237.0,2.0,2.0,0
0.0,1.0,22.0,1.0,100273.0,1.0,2.0,6
0.0,0.0,44.0,1.0,122292.0,0.0,1.0,7
0.0,0.0,52.0,1.0,159216.0,1.0,1.0,7
0.0,0.0,48.0,1.0,130082.0,1.0,2.0,0
0.0,0.0,33.0,1.0,139547.0,1.0,2.0,0
0.0,1.0,35.0,1.0,122895.0,1.0,1.0,6
0.0,1.0,64.0,2.0,154549.0,1.0,1.0,6
0.0,0.0,58.0,1.0,149315.0,0.0,2.0,7
0.0,1.0,24.0,1.0,118101.00000000001,0.0,2.0,6
0.0,0.0,40.0,1.0,115831.0,0.0,2.0,7
0.0,0.0,49.0,1.0,118571.0,2.0,2.0,0
0.0,0.0,31.0,1.0,138906.0,1.0,2.0,0
0.0,0.0,45.99999999999999,1.0,98520.0,1.0,2.0,0
0.0,0.0,45.99999999999999,1.0,106575.99999999999,1.0,1.0,7
0.0,0.0,49.0,1.0,121592.0,1.0,1.0,7
0.0,0.0,29.0,1.0,135605.0,0.0,1.0,7
0.0,0.0,37.0,1.0,114552.0,1.0,2.0,0
0.0,0.0,33.0,1.0,151339.0,2.0,1.0,0
0.0,0.0,71.0,2.0,170387.0,1.0,2.0,0
0.0,0.0,35.0,1.0,118288.0,1.0,2.0,0
0.0,0.0,40.0,1.0,109992.00000000001,1.0,2.0,0
1.0,0.0,27.0,1.0,90653.99999999999,0.0,0.0,4
1.0,0.0,61.0,2.0,113290.0,0.0,0.0,4
1.0,1.0,29.0,1.0,100093.0,1.0,1.0,5
1.0,0.0,33.0,1.0,109488.99999999999,1.0,0.0,4
1.0,0.0,56.0,2.0,139427.0,0.0,0.0,4
1.0,1.0,27.0,1.0,123411.0,1.0,1.0,5
1.0,1.0,22.0,1.0,137925.0,1.0,0.0,1
1.0,1.0,19.0,1.0,99119.0,1.0,0.0,1
1.0,1.0,28.0,1.0,91084.0,1.0,1.0,5
1.0,1.0,24.0,1.0,110137.00000000001,1.0,1.0,5
1.0,1.0,27.0,1.0,67041.0,0.0,0.0,9
1.0,1.0,30.0,1.0,127299.0,1.0,1.0,5
1.0,0.0,26.0,1.0,84555.0,0.0,0.0,4
1.0,1.0,26.0,1.0,123895.0,1.0,0.0,1
1.0,1.0,23.0,1.0,94324.0,1.0,1.0,5
1.0,1.0,28.0,1.0,96062.0,1.0,0.0,1
1.0,1.0,67.0,3.0,144843.0,1.0,0.0,1
1.0,1.0,27.0,1.0,107484.99999999999,1.0,1.0,5
1.0,1.0,32.0,1.0,98573.00000000001,1.0,0.0,1
1.0,0.0,24.0,1.0,107462.00000000001,0.0,0.0,4
1.0,1.0,28.0,1.0,115809.00000000001,1.0,1.0,5
1.0,0.0,48.0,2.0,118749.0,0.0,0.0,4
1.0,1.0,32.0,1.0,139112.0,1.0,1.0,5
1.0,1.0,25.0,1.0,94074.99999999999,1.0,0.0,1
1.0,1.0,57.0,2.0,62002.0,0.0,0.0,9
1.0,1.0,28.0,1.0,127262.00000000001,1.0,0.0,1
1.0,1.0,24.0,1.0,122846.00000000001,1.0,1.0,5
1.0,1.0,25.0,1.0,61907.00000000001,0.0,0.0,9
1.0,0.0,31.0,1.0,89286.99999999999,0.0,0.0,4
1.0,0.0,33.0,1.0,103696.0,1.0,1.0,4
1.0,1.0,50.0,2.0,147603.0,1.0,0.0,1
1.0,1.0,58.0,2.0,139229.0,0.0,1.0,1
1.0,1.0,27.0,1.0,107932.0,0.0,0.0,9
1.0,1.0,48.0,2.0,116235.0,0.0,0.0,9
1.0,1.0,22.0,1.0,85974.0,0.0,0.0,9
1.0,1.0,40.0,1.0,124001.0,0.0,0.0,9
1.0,1.0,32.0,1.0,121428.0,1.0,0.0,1
1.0,0.0,25.0,1.0,93233.0,0.0,0.0,4
1.0,1.0,27.0,1.0,67965.0,0.0,0.0,9
1.0,1.0,27.0,1.0,88001.0,0.0,0.0,9
1.0,1.0,23.0,1.0,129112.00000000001,1.0,0.0,1
1.0,1.0,32.0,1.0,109324.0,1.0,1.0,5
1.0,1.0,25.0,1.0,112785.00000000001,1.0,1.0,5
1.0,1.0,45.99999999999999,2.0,136735.0,0.0,0.0,9
1.0,1.0,21.0,1.0,107779.0,1.0,1.0,5
1.0,1.0,29.0,1.0,103526.0,1.0,0.0,1
1.0,1.0,31.0,1.0,93170.99999999999,0.0,0.0,9
1.0,0.0,26.0,1.0,106559.0,0.0,0.0,4
1.0,1.0,23.0,1.0,112728.0,1.0,1.0,5
1.0,0.0,38.0,1.0,102855.0,1.0,1.0,4
1.0,0.0,35.0,1.0,85380.99999999999,0.0,0.0,4
1.0,1.0,27.0,1.0,100762.0,1.0,1.0,5
1.0,1.0,22.0,1.0,131445.0,1.0,1.0,5
1.0,1.0,52.0,2.0,123194.0,1.0,0.0,1
1.0,1.0,19.0,1.0,99519.0,1.0,1.0,5
1.0,1.0,23.0,1.0,112853.00000000001,1.0,0.0,1
1.0,0.0,42.0,1.0,110509.00000000001,1.0,0.0,4
1.0,1.0,27.0,1.0,106446.0,1.0,1.0,5
1.0,1.0,39.0,2.0,89665.0,0.0,0.0,9
1.0,1.0,50.0,2.0,128233.0,1.0,1.0,5
1.0,1.0,36.0,1.0,133615.0,1.0,0.0,1
1.0,1.0,25.0,1.0,115833.0,1.0,1.0,5
1.0,1.0,27.0,1.0,65560.0,0.0,0.0,9
1.0,1.0,30.0,1.0,118642.0,1.0,0.0,1
1.0,0.0,22.0,1.0,63635.0,0.0,0.0,4
1.0,1.0,27.0,1.0,122648.99999999999,1.0,1.0,5
1.0,0.0,31.0,1.0,143321.0,2.0,1.0,4
1.0,1.0,29.0,1.0,99556.0,1.0,0.0,1
1.0,0.0,34.0,1.0,36760.0,0.0,0.0,4
1.0,0.0,33.0,1.0,71935.0,0.0,0.0,4
1.0,1.0,26.0,1.0,114977.00000000001,1.0,0.0,1
1.0,1.0,36.0,1.0,147691.0,1.0,1.0,5
1.0,1.0,26.0,1.0,54296.0,0.0,0.0,9
1.0,1.0,39.0,1.0,80014.0,0.0,0.0,9
1.0,1.0,44.0,2.0,77887.0,0.0,0.0,9
1.0,1.0,45.99999999999999,2.0,98517.0,0.0,0.0,9
1.0,1.0,31.0,1.0,103012.00000000001,0.0,0.0,9
1.0,0.0,26.0,1.0,121377.00000000001,1.0,0.0,4
1.0,1.0,22.0,1.0,91358.99999999999,1.0,1.0,5
1.0,0.0,48.0,2.0,104833.0,0.0,0.0,4
1.0,1.0,27.0,1.0,101209.0,1.0,0.0,1
1.0,0.0,30.0,1.0,58207.0,0.0,0.0,4
1.0,1.0,27.0,1.0,116708.0,1.0,1.0,5
1.0,1.0,36.0,1.0,107471.00000000001,1.0,1.0,5
1.0,1.0,31.0,1.0,128495.0,1.0,0.0,1
1.0,0.0,21.0,1.0,124468.0,1.0,0.0,4
1.0,1.0,26.0,1.0,106922.0,1.0,1.0,5
1.0,0.0,24.0,1.0,104291.0,1.0,0.0,4
1.0,1.0,29.0,1.0,98203.99999999999,1.0,0.0,1
1.0,1.0,32.0,1.0,127071.0,1.0,0.0,1
1.0,1.0,44.99999999999999,2.0,85115.0,0.0,0.0,9
1.0,1.0,58.0,2.0,104013.0,0.0,0.0,9
1.0,1.0,25.0,1.0,89862.99999999999,1.0,0.0,1
1.0,1.0,67.0,3.0,135300.0,1.0,0.0,1
1.0,1.0,53.0,2.0,107861.00000000001,0.0,0.0,9
1.0,1.0,24.0,1.0,123994.0,1.0,0.0,1
1.0,0.0,20.0,1.0,91270.0,0.0,0.0,4
1.0,1.0,71.0,3.0,133245.0,0.0,0.0,9
1.0,1.0,31.0,1.0,118594.0,1.0,1.0,5
1.0,1.0,27.0,1.0,40606.0,0.0,0.0,9
1.0,1.0,36.0,1.0,129304.0,0.0,0.0,9
1.0,1.0,25.0,1.0,113118.00000000001,1.0,0.0,1
1.0,0.0,41.0,1.0,133131.0,1.0,0.0,4
1.0,1.0,30.0,1.0,106876.0,1.0,1.0,5
1.0,1.0,32.0,1.0,130870.0,1.0,1.0,5
1.0,1.0,29.0,1.0,125620.99999999999,0.0,0.0,9
1.0,0.0,27.0,1.0,78923.0,0.0,0.0,4
1.0,1.0,32.0,1.0,123983.0,1.0,0.0,1
1.0,1.0,25.0,1.0,75184.0,0.0,0.0,9
1.0,0.0,24.0,1.0,109692.99999999999,1.0,0.0,4
1.0,1.0,63.0,2.0,86273.0,0.0,0.0,9
1.0,0.0,42.0,2.0,113190.0,0.0,0.0,4
1.0,1.0,22.0,1.0,109274.0,0.0,0.0,9
1.0,1.0,45.99999999999999,2.0,143489.0,1.0,1.0,5
1.0,1.0,24.0,1.0,99570.0,1.0,1.0,5
1.0,0.0,30.0,1.0,139468.0,1.0,1.0,4
1.0,1.0,44.0,2.0,108627.0,0.0,0.0,9
1.0,0.0,25.0,1.0,106355.0,1.0,0.0,4
1.0,1.0,27.0,1.0,96951.99999999999,1.0,0.0,1
1.0,1.0,27.0,1.0,141502.0,1.0,1.0,5
1.0,1.0,34.0,1.0,110420.0,1.0,1.0,5
1.0,1.0,18.0,1.0,97740.99999999999,1.0,1.0,5
1.0,1.0,25.0,1.0,99583.0,1.0,1.0,5
1.0,1.0,21.0,1.0,63698.00000000001,0.0,0.0,9
1.0,1.0,26.0,1.0,116688.0,1.0,1.0,5
1.0,1.0,27.0,1.0,131542.0,2.0,1.0,8
1.0,0.0,25.0,1.0,136055.0,1.0,1.0,4
1.0,1.0,30.0,1.0,100195.0,1.0,1.0,5
1.0,0.0,66.0,3.0,131001.0,1.0,0.0,4
1.0,1.0,25.0,1.0,104061.99999999999,1.0,1.0,5
1.0,1.0,43.0,2.0,137689.0,1.0,0.0,1
1.0,1.0,35.0,1.0,137705.0,1.0,1.0,5
1.0,0.0,70.0,3.0,69915.0,0.0,0.0,4
1.0,0.0,35.0,1.0,68731.0,0.0,0.0,4
1.0,1.0,26.0,1.0,105725.99999999999,1.0,0.0,1
1.0,0.0,29.0,1.0,78078.0,0.0,0.0,4
1.0,1.0,22.0,1.0,110835.0,0.0,0.0,9
1.0,0.0,26.0,1.0,115531.0,1.0,1.0,4
1.0,1.0,36.0,1.0,92723.0,0.0,0.0,9
1.0,1.0,35.0,1.0,107509.0,1.0,1.0,5
1.0,1.0,28.0,1.0,116763.0,1.0,1.0,5
1.0,1.0,24.0,1.0,100733.0,1.0,0.0,1
1.0,1.0,34.0,1.0,92651.99999999999,0.0,0.0,9
1.0,1.0,25.0,1.0,106987.0,1.0,0.0,1
1.0,1.0,54.0,2.0,51882.0,0.0,0.0,9
1.0,0.0,45.99999999999999,2.0,104750.99999999999,0.0,0.0,4
1.0,1.0,42.0,1.0,50947.0,0.0,0.0,9
1.0,0.0,44.99999999999999,2.0,126985.99999999999,0.0,0.0,4
1.0,0.0,48.0,2.0,110223.0,0.0,0.0,4
1.0,0.0,21.0,1.0,100590.99999999999,0.0,0.0,4
1.0,1.0,31.0,1.0,123257.0,1.0,0.0,1
1.0,0.0,35.0,1.0,137736.0,1.0,1.0,4
1.0,1.0,36.0,1.0,110221.00000000001,1.0,1.0,5
1.0,1.0,32.0,1.0,99703.0,0.0,0.0,9
1.0,1.0,26.0,1.0,106667.0,0.0,0.0,9
1.0,1.0,34.0,1.0,143319.0,1.0,0.0,1
1.0,1.0,65.0,2.0,135557.0,1.0,1.0,5
1.0,1.0,50.0,2.0,93390.0,0.0,0.0,9
1.0,1.0,39.0,1.0,97577.0,1.0,0.0,1
1.0,0.0,52.0,2.0,124196.0,0.0,0.0,4
1.0,1.0,36.0,1.0,81136.0,0.0,0.0,9
1.0,1.0,29.0,1.0,119438.99999999999,1.0,0.0,1
1.0,1.0,36.0,1.0,145231.0,1.0,1.0,5
1.0,1.0,36.0,1.0,85623.0,0.0,0.0,9
1.0,1.0,27.0,1.0,145373.0,1.0,1.0,5
1.0,1.0,36.0,1.0,135896.0,2.0,1.0,8
1.0,1.0,26.0,1.0,106470.0,1.0,1.0,5
1.0,0.0,57.0,2.0,113333.99999999999,1.0,1.0,4
1.0,0.0,27.0,1.0,100560.0,0.0,0.0,4
1.0,1.0,58.0,2.0,108442.0,0.0,0.0,9
1.0,1.0,27.0,1.0,64472.0,0.0,0.0,9
1.0,1.0,49.0,2.0,120207.00000000001,1.0,0.0,1
1.0,1.0,43.0,2.0,101680.0,1.0,0.0,1
1.0,0.0,44.99999999999999,2.0,92342.0,0.0,0.0,4
1.0,1.0,27.0,1.0,98611.0,0.0,0.0,9
1.0,1.0,34.0,1.0,97613.0,1.0,1.0,5
1.0,1.0,21.0,1.0,82298.0,0.0,0.0,9
1.0,1.0,54.0,2.0,125302.0,1.0,1.0,5
1.0,1.0,43.0,2.0,108724.99999999999,0.0,0.0,9
1.0,0.0,25.0,1.0,85569.0,0.0,0.0,4
1.0,0.0,57.0,2.0,110372.0,0.0,0.0,4
1.0,1.0,26.0,1.0,100511.0,1.0,1.0,5
1.0,0.0,30.0,1.0,110454.99999999999,1.0,0.0,4
1.0,0.0,58.0,2.0,141993.0,0.0,0.0,4
1.0,1.0,25.0,1.0,121789.0,1.0,1.0,5
1.0,1.0,23.0,1.0,138967.0,1.0,0.0,1
1.0,0.0,22.0,1.0,105230.0,1.0,0.0,4
1.0,1.0,21.0,1.0,90656.0,1.0,1.0,5
1.0,1.0,20.0,1.0,115445.0,1.0,1.0,5
1.0,1.0,22.0,1.0,59955.00000000001,0.0,0.0,9
1.0,0.0,27.0,1.0,126268.0,1.0,1.0,4
1.0,0.0,24.0,1.0,80830.0,0.0,0.0,4
1.0,1.0,23.0,1.0,123625.0,1.0,0.0,1
1.0,1.0,26.0,1.0,102542.99999999999,1.0,1.0,5
1.0,0.0,28.0,1.0,101948.0,1.0,0.0,4
1.0,1.0,64.0,3.0,142280.0,1.0,0.0,1
1.0,1.0,26.0,1.0,105434.0,1.0,1.0,5
1.0,1.0,31.0,1.0,106115.0,1.0,0.0,1
1.0,0.0,28.0,1.0,111057.0,0.0,0.0,4
1.0,1.0,25.0,1.0,117758.0,1.0,1.0,5
1.0,0.0,49.0,2.0,118395.99999999999,0.0,0.0,4
1.0,1.0,33.0,1.0,136260.0,1.0,1.0,5
1.0,0.0,27.0,1.0,97192.0,1.0,0.0,4
1.0,1.0,59.0,2.0,62100.99999999999,0.0,0.0,9
1.0,1.0,28.0,1.0,123496.99999999999,1.0,0.0,1
1.0,1.0,24.0,1.0,120326.0,1.0,1.0,5
1.0,1.0,26.0,1.0,66645.0,0.0,0.0,9
1.0,0.0,33.0,1.0,83429.0,0.0,0.0,4
1.0,0.0,37.0,1.0,107539.00000000001,1.0,1.0,4
1.0,1.0,45.99999999999999,2.0,153880.0,1.0,0.0,1
1.0,1.0,62.0,2.0,140178.0,0.0,1.0,5
1.0,0.0,26.0,1.0,100402.0,0.0,0.0,4
1.0,1.0,49.0,2.0,122158.0,0.0,0.0,9
1.0,1.0,25.0,1.0,89331.0,0.0,0.0,9
1.0,1.0,37.0,1.0,125359.0,0.0,0.0,9
1.0,0.0,31.0,1.0,124110.0,1.0,0.0,4
1.0,0.0,25.0,1.0,93526.0,0.0,0.0,4
1.0,1.0,21.0,1.0,70170.0,0.0,0.0,9
1.0,1.0,27.0,1.0,82357.0,0.0,0.0,9
1.0,1.0,29.0,1.0,126745.0,1.0,0.0,1
1.0,1.0,30.0,1.0,103326.0,1.0,1.0,5
1.0,1.0,26.0,1.0,116048.0,1.0,1.0,5
1.0,1.0,40.0,2.0,137115.0,0.0,0.0,9
1.0,1.0,23.0,1.0,105365.00000000001,1.0,1.0,5
1.0,1.0,31.0,1.0,95911.0,1.0,0.0,1
1.0,1.0,29.0,1.0,88669.0,0.0,0.0,9
1.0,0.0,22.0,1.0,103776.00000000001,0.0,0.0,4
1.0,1.0,26.0,1.0,108864.0,1.0,1.0,5
1.0,0.0,39.0,1.0,106037.0,1.0,1.0,4
1.0,0.0,35.0,1.0,84851.0,0.0,0.0,4
1.0,1.0,26.0,1.0,95747.99999999999,1.0,1.0,5
1.0,1.0,28.0,1.0,133616.0,1.0,1.0,5
1.0,1.0,56.0,2.0,132752.0,1.0,0.0,1
1.0,1.0,22.0,1.0,95711.99999999999,1.0,1.0,5
1.0,1.0,26.0,1.0,109062.99999999999,1.0,0.0,1
1.0,0.0,41.0,1.0,113521.0,1.0,0.0,4
1.0,1.0,29.0,1.0,109380.00000000001,1.0,1.0,5
1.0,1.0,42.0,2.0,82558.0,0.0,0.0,9
1.0,1.0,50.0,2.0,124777.0,1.0,1.0,5
1.0,1.0,33.0,1.0,133542.0,1.0,0.0,1
1.0,1.0,28.0,1.0,116491.99999999999,1.0,1.0,5
1.0,1.0,27.0,1.0,68834.0,0.0,0.0,9
1.0,1.0,27.0,1.0,124022.99999999999,1.0,0.0,1
1.0,0.0,28.0,1.0,63882.0,0.0,0.0,4
1.0,1.0,24.0,1.0,122492.0,1.0,1.0,5
1.0,0.0,28.0,1.0,141453.0,2.0,1.0,4
1.0,1.0,32.0,1.0,99327.0,1.0,0.0,1
1.0,0.0,32.0,1.0,45590.0,0.0,0.0,4
1.0,0.0,30.0,1.0,71167.0,0.0,0.0,4
1.0,1.0,29.0,1.0,111991.99999999999,1.0,0.0,1
1.0,1.0,37.0,1.0,145140.0,1.0,1.0,5
1.0,1.0,24.0,1.0,49671.99999999999,0.0,0.0,9
1.0,1.0,36.0,1.0,75536.0,0.0,0.0,9
1.0,1.0,40.0,2.0,86720.0,0.0,0.0,9
1.0,1.0,51.0,2.0,97729.0,0.0,0.0,9
1.0,1.0,33.0,1.0,106808.0,0.0,0.0,9
1.0,0.0,31.0,1.0,117971.0,1.0,0.0,4
1.0,1.0,29.0,1.0,97731.0,1.0,1.0,5
1.0,0.0,48.0,2.0,109196.0,0.0,0.0,4
1.0,1.0,25.0,1.0,94904.99999999999,1.0,0.0,1
1.0,0.0,28.0,1.0,57480.0,0.0,0.0,4
1.0,1.0,23.0,1.0,109175.0,1.0,1.0,5
1.0,1.0,32.0,1.0,111174.0,1.0,1.0,5
1.0,1.0,34.0,1.0,127255.0,1.0,0.0,1
1.0,0.0,23.0,1.0,115498.99999999999,1.0,0.0,4
1.0,1.0,25.0,1.0,109499.0,1.0,1.0,5
1.0,0.0,25.0,1.0,104696.0,1.0,0.0,4
1.0,1.0,27.0,1.0,104467.0,1.0,0.0,1
1.0,1.0,29.0,1.0,120157.0,1.0,0.0,1
1.0,1.0,45.99999999999999,2.0,81200.0,0.0,0.0,9
1.0,1.0,61.0,2.0,97558.0,0.0,0.0,9
1.0,1.0,25.0,1.0,95913.99999999999,1.0,0.0,1
1.0,1.0,67.0,3.0,128053.0,1.0,0.0,1
1.0,1.0,49.0,2.0,101734.0,0.0,0.0,9
1.0,1.0,21.0,1.0,126009.0,1.0,0.0,1
1.0,0.0,19.0,1.0,91232.0,0.0,0.0,4
1.0,1.0,67.0,3.0,128343.0,0.0,0.0,9
1.0,1.0,31.0,1.0,110039.99999999999,1.0,1.0,5
1.0,1.0,27.0,1.0,38247.0,0.0,0.0,9
1.0,1.0,37.0,1.0,129027.0,0.0,0.0,9
1.0,1.0,27.0,1.0,115026.0,1.0,0.0,1
1.0,0.0,36.0,1.0,130322.99999999999,1.0,0.0,4
1.0,1.0,24.0,1.0,103181.0,1.0,1.0,5
1.0,1.0,31.0,1.0,138307.0,1.0,1.0,5
1.0,1.0,29.0,1.0,122564.0,0.0,0.0,9
1.0,0.0,28.0,1.0,82351.0,0.0,0.0,4
1.0,1.0,34.0,1.0,125351.00000000001,1.0,0.0,1
1.0,1.0,26.0,1.0,82940.0,0.0,0.0,9
1.0,0.0,21.0,1.0,108028.99999999999,1.0,0.0,4
1.0,1.0,63.0,2.0,82734.0,0.0,0.0,9
1.0,0.0,38.0,2.0,116815.99999999999,0.0,0.0,4
1.0,1.0,20.0,1.0,113472.00000000001,0.0,0.0,9
1.0,1.0,44.0,2.0,143343.0,1.0,1.0,5
1.0,1.0,31.0,1.0,104074.0,1.0,1.0,5
1.0,0.0,33.0,1.0,138525.0,1.0,1.0,4
1.0,1.0,49.0,2.0,106960.0,0.0,0.0,9
1.0,0.0,26.0,1.0,108323.0,1.0,0.0,4
1.0,1.0,28.0,1.0,95784.0,1.0,0.0,1
1.0,1.0,30.0,1.0,140673.0,1.0,1.0,5
1.0,1.0,36.0,1.0,104235.0,1.0,1.0,5
1.0,1.0,27.0,1.0,54041.0,0.0,0.0,9
0.0,0.0,23.0,0.0,107960.99999999999,0.0,0.0,3
0.0,0.0,31.0,0.0,113757.0,1.0,0.0,3
1.0,1.0,27.0,1.0,94884.0,1.0,0.0,1
1.0,1.0,25.0,1.0,126041.0,1.0,0.0,1
1.0,1.0,23.0,1.0,64952.0,0.0,0.0,9
0.0,1.0,27.0,1.0,66764.0,0.0,0.0,2
1.0,0.0,38.0,1.0,67861.0,0.0,0.0,4
0.0,0.0,44.0,1.0,113516.0,0.0,0.0,3
1.0,1.0,42.0,1.0,46109.0,0.0,0.0,9
1.0,1.0,25.0,1.0,103651.00000000001,0.0,0.0,9
0.0,1.0,40.0,1.0,75043.0,0.0,0.0,2
1.0,1.0,24.0,1.0,116473.0,0.0,0.0,9
1.0,0.0,39.0,1.0,96613.99999999999,0.0,0.0,4
0.0,0.0,24.0,0.0,66447.0,0.0,0.0,3
1.0,0.0,50.0,1.0,119068.0,1.0,0.0,4
1.0,1.0,28.0,1.0,122973.00000000001,0.0,0.0,9
1.0,1.0,36.0,1.0,81609.0,0.0,0.0,9
0.0,0.0,36.0,1.0,105519.00000000001,1.0,0.0,3
1.0,1.0,40.0,1.0,86648.99999999999,0.0,0.0,9
1.0,0.0,31.0,0.0,76384.0,0.0,0.0,4
0.0,1.0,27.0,1.0,67136.0,0.0,0.0,2
1.0,1.0,35.0,1.0,93154.99999999999,0.0,0.0,9
0.0,0.0,51.0,1.0,124183.0,0.0,0.0,3
1.0,0.0,26.0,0.0,64859.99999999999,0.0,0.0,4
0.0,0.0,33.0,1.0,87232.0,0.0,0.0,3
1.0,1.0,27.0,1.0,92304.0,0.0,0.0,9
0.0,0.0,38.0,1.0,84254.0,0.0,0.0,3
1.0,0.0,30.0,0.0,106695.99999999999,1.0,0.0,4
0.0,0.0,28.0,0.0,113212.0,1.0,0.0,3
0.0,0.0,23.0,0.0,71076.0,0.0,0.0,3
1.0,1.0,23.0,1.0,114270.00000000001,0.0,0.0,9
1.0,1.0,26.0,1.0,125538.0,1.0,0.0,1
1.0,1.0,21.0,1.0,92442.0,0.0,0.0,9
1.0,0.0,36.0,1.0,75297.0,0.0,0.0,4
1.0,1.0,24.0,1.0,65707.0,0.0,0.0,9
0.0,0.0,41.0,1.0,120387.0,1.0,0.0,3
0.0,0.0,42.0,1.0,120946.0,1.0,0.0,3
0.0,0.0,27.0,0.0,73265.0,0.0,0.0,3
0.0,1.0,40.0,1.0,77481.0,0.0,0.0,2
1.0,1.0,34.0,1.0,91281.99999999999,0.0,0.0,9
0.0,0.0,40.0,1.0,104405.0,0.0,0.0,3
0.0,0.0,33.0,1.0,99646.0,1.0,0.0,3
1.0,0.0,49.0,1.0,97790.99999999999,0.0,0.0,4
0.0,0.0,28.0,0.0,81878.0,0.0,0.0,3
1.0,1.0,26.0,1.0,107908.0,1.0,0.0,1
1.0,0.0,40.0,1.0,98608.0,0.0,0.0,4
0.0,0.0,46.99999999999999,1.0,95228.0,0.0,0.0,3
1.0,1.0,41.0,1.0,128163.0,1.0,0.0,1
1.0,1.0,29.0,1.0,94324.99999999999,0.0,0.0,9
1.0,1.0,37.0,1.0,90814.99999999999,0.0,0.0,9
0.0,0.0,31.0,0.0,120719.0,1.0,0.0,3
0.0,0.0,35.0,1.0,110159.0,1.0,0.0,3
0.0,0.0,35.0,1.0,124489.99999999999,1.0,0.0,3
1.0,1.0,29.0,1.0,75161.0,0.0,0.0,9
1.0,0.0,37.0,1.0,127206.0,1.0,0.0,4
0.0,0.0,37.0,1.0,83660.0,0.0,0.0,3
1.0,1.0,26.0,1.0,87400.0,0.0,0.0,9
1.0,1.0,28.0,1.0,78942.0,0.0,0.0,9
1.0,1.0,23.0,1.0,88452.0,0.0,0.0,9
0.0,0.0,38.0,1.0,104128.0,1.0,0.0,3
1.0,1.0,30.0,1.0,100313.0,1.0,0.0,1
1.0,0.0,44.99999999999999,1.0,107387.00000000001,1.0,0.0,4
0.0,0.0,24.0,0.0,84355.0,0.0,0.0,3
1.0,0.0,35.0,1.0,112723.0,1.0,0.0,4
1.0,1.0,41.0,1.0,115892.0,1.0,0.0,1
0.0,1.0,30.0,1.0,106597.0,1.0,0.0,2
1.0,1.0,30.0,1.0,121327.00000000001,1.0,0.0,1
1.0,1.0,26.0,1.0,92558.99999999999,0.0,0.0,9
1.0,1.0,25.0,1.0,87536.99999999999,0.0,0.0,9
1.0,1.0,23.0,1.0,70569.0,0.0,0.0,9
1.0,1.0,27.0,1.0,85294.0,0.0,0.0,9
1.0,0.0,26.0,0.0,70905.0,0.0,0.0,4
0.0,0.0,25.0,0.0,103716.0,0.0,0.0,3
0.0,1.0,27.0,1.0,94947.0,1.0,0.0,2
1.0,0.0,42.0,1.0,80116.0,0.0,0.0,4
0.0,0.0,35.0,1.0,86491.99999999999,0.0,0.0,3
1.0,1.0,25.0,1.0,88672.0,0.0,0.0,9
1.0,1.0,26.0,1.0,82984.0,0.0,0.0,9
0.0,0.0,38.0,1.0,128100.0,1.0,0.0,3
1.0,0.0,28.0,0.0,72869.0,0.0,0.0,4
0.0,1.0,33.0,1.0,112227.0,1.0,0.0,2
1.0,0.0,40.0,1.0,94673.99999999999,0.0,0.0,4
1.0,1.0,23.0,1.0,101003.0,1.0,0.0,1
1.0,0.0,25.0,0.0,112924.0,1.0,0.0,4
1.0,0.0,28.0,0.0,108645.0,0.0,0.0,4
0.0,0.0,41.0,1.0,69415.0,0.0,0.0,3
1.0,0.0,50.0,1.0,112204.0,0.0,0.0,4
1.0,1.0,23.0,1.0,109699.99999999999,1.0,0.0,1
1.0,1.0,26.0,1.0,104484.0,1.0,0.0,1
1.0,1.0,22.0,1.0,61239.0,0.0,0.0,9
0.0,0.0,37.0,1.0,119602.00000000001,0.0,0.0,3
1.0,0.0,38.0,1.0,81014.0,0.0,0.0,4
1.0,1.0,22.0,1.0,68165.0,0.0,0.0,9
1.0,0.0,30.0,0.0,88652.0,0.0,0.0,4
0.0,0.0,38.0,1.0,75705.0,0.0,0.0,3
1.0,1.0,36.0,1.0,104189.0,1.0,0.0,1
0.0,0.0,41.0,1.0,71603.0,0.0,0.0,3
1.0,1.0,29.0,1.0,121914.0,1.0,0.0,1
1.0,1.0,31.0,1.0,106636.99999999999,1.0,0.0,1
1.0,0.0,31.0,0.0,99799.99999999999,1.0,0.0,4
1.0,0.0,21.0,0.0,67629.0,0.0,0.0,4
0.0,0.0,32.0,0.0,120354.0,1.0,0.0,3
1.0,1.0,35.0,1.0,122110.0,1.0,0.0,1
0.0,0.0,29.0,0.0,89169.99999999999,0.0,0.0,3
1.0,0.0,34.0,1.0,109195.0,1.0,0.0,4
1.0,0.0,38.0,1.0,92392.0,0.0,0.0,4
1.0,1.0,33.0,1.0,43805.0,0.0,0.0,9
1.0,1.0,28.0,1.0,68389.0,0.0,0.0,9
1.0,1.0,28.0,1.0,112521.0,1.0,0.0,1
0.0,0.0,21.0,0.0,59255.0,0.0,0.0,3
1.0,1.0,29.0,1.0,98611.99999999999,0.0,0.0,9
1.0,1.0,26.0,1.0,70649.0,0.0,0.0,9
1.0,0.0,40.0,1.0,95228.0,0.0,0.0,4
1.0,0.0,25.0,0.0,46865.0,0.0,0.0,4
0.0,1.0,20.0,1.0,101688.00000000001,1.0,0.0,2
1.0,1.0,23.0,1.0,62618.0,0.0,0.0,9
1.0,0.0,27.0,0.0,102531.0,1.0,0.0,4
1.0,0.0,36.0,1.0,100737.0,1.0,0.0,4
1.0,1.0,25.0,1.0,107321.0,1.0,0.0,1
1.0,1.0,25.0,1.0,112879.0,0.0,0.0,9
1.0,1.0,34.0,1.0,125372.0,0.0,0.0,9
1.0,0.0,24.0,0.0,69419.0,0.0,0.0,4
1.0,0.0,36.0,1.0,124759.0,1.0,0.0,4
1.0,0.0,40.0,1.0,79076.0,0.0,0.0,4
0.0,0.0,39.0,1.0,84779.0,0.0,0.0,3
1.0,0.0,42.0,1.0,77393.0,0.0,0.0,4
0.0,0.0,35.0,1.0,113187.0,0.0,0.0,3
1.0,1.0,27.0,1.0,99100.0,1.0,0.0,1
0.0,0.0,27.0,0.0,64953.99999999999,0.0,0.0,3
1.0,1.0,23.0,1.0,103244.0,1.0,0.0,1
1.0,1.0,32.0,1.0,124974.99999999999,1.0,0.0,1
0.0,1.0,28.0,1.0,133582.0,1.0,0.0,2
0.0,0.0,22.0,0.0,103519.0,1.0,0.0,3
0.0,0.0,31.0,0.0,117813.00000000001,1.0,0.0,3
1.0,1.0,22.0,1.0,119902.0,1.0,0.0,1
0.0,0.0,23.0,0.0,70783.0,0.0,0.0,3
1.0,1.0,35.0,1.0,125470.0,0.0,0.0,9
1.0,1.0,26.0,1.0,109782.0,0.0,0.0,9
1.0,1.0,28.0,1.0,78322.0,0.0,0.0,9
0.0,0.0,54.0,1.0,125516.99999999999,1.0,0.0,3
1.0,0.0,49.0,1.0,102463.0,0.0,0.0,4
1.0,0.0,38.0,1.0,89309.0,0.0,0.0,4
1.0,0.0,46.99999999999999,1.0,110286.99999999999,1.0,0.0,4
1.0,0.0,49.0,1.0,122391.0,0.0,0.0,4
1.0,1.0,30.0,1.0,116398.99999999999,1.0,0.0,1
1.0,0.0,32.0,0.0,81907.0,0.0,0.0,4
1.0,1.0,24.0,1.0,97908.99999999999,0.0,0.0,9
1.0,0.0,25.0,0.0,68051.0,0.0,0.0,4
0.0,0.0,33.0,1.0,82414.0,0.0,0.0,3
1.0,1.0,34.0,1.0,123088.99999999999,1.0,0.0,1
1.0,1.0,24.0,1.0,66537.0,0.0,0.0,9
1.0,0.0,36.0,1.0,127926.0,0.0,0.0,4
1.0,0.0,41.0,1.0,78963.0,0.0,0.0,4
0.0,1.0,33.0,1.0,108694.0,1.0,0.0,2
1.0,1.0,26.0,1.0,100892.00000000001,1.0,0.0,1
1.0,0.0,36.0,1.0,119560.0,1.0,0.0,4
1.0,0.0,35.0,1.0,116176.0,0.0,0.0,4
0.0,0.0,29.0,0.0,111854.0,1.0,0.0,3
1.0,1.0,26.0,1.0,69831.0,0.0,0.0,9
0.0,0.0,31.0,0.0,69375.0,0.0,0.0,3
0.0,1.0,26.0,1.0,71310.0,0.0,0.0,2
0.0,0.0,46.99999999999999,1.0,73913.0,0.0,0.0,3
0.0,1.0,20.0,1.0,95491.99999999999,1.0,0.0,2
0.0,0.0,44.99999999999999,1.0,109329.0,0.0,0.0,3
0.0,0.0,36.0,1.0,116026.99999999999,1.0,0.0,3
0.0,1.0,31.0,1.0,81987.0,0.0,0.0,2
1.0,0.0,41.0,1.0,83481.0,0.0,0.0,4
1.0,0.0,31.0,0.0,72361.0,0.0,0.0,4
1.0,1.0,27.0,1.0,106625.0,0.0,0.0,9
1.0,1.0,32.0,1.0,123707.0,1.0,0.0,1
1.0,0.0,43.0,1.0,79353.0,0.0,0.0,4
1.0,0.0,32.0,0.0,68347.0,0.0,0.0,4
1.0,1.0,29.0,1.0,115831.99999999999,1.0,0.0,1
0.0,0.0,37.0,1.0,89946.0,0.0,0.0,3
1.0,0.0,35.0,1.0,86319.0,0.0,0.0,4
1.0,1.0,23.0,1.0,70963.0,0.0,0.0,9
0.0,0.0,40.0,1.0,106120.00000000001,1.0,0.0,3
1.0,1.0,26.0,1.0,97856.0,1.0,0.0,1
0.0,0.0,28.0,0.0,61824.0,0.0,0.0,3
1.0,1.0,40.0,1.0,103907.0,1.0,0.0,1
1.0,1.0,26.0,1.0,99953.0,0.0,0.0,9
1.0,1.0,23.0,1.0,113413.00000000001,1.0,0.0,1
0.0,0.0,26.0,0.0,107091.0,0.0,0.0,3
0.0,0.0,26.0,0.0,124783.0,1.0,0.0,3
1.0,0.0,49.0,1.0,92281.0,0.0,0.0,4
1.0,1.0,26.0,1.0,96219.0,1.0,0.0,1
1.0,0.0,35.0,1.0,86221.0,0.0,0.0,4
1.0,1.0,24.0,1.0,80962.0,0.0,0.0,9
1.0,0.0,45.99999999999999,1.0,78754.0,0.0,0.0,4
0.0,0.0,26.0,0.0,60026.0,0.0,0.0,3
0.0,0.0,46.99999999999999,1.0,88157.0,0.0,0.0,3
0.0,0.0,27.0,0.0,59881.0,0.0,0.0,3
0.0,1.0,41.0,1.0,112818.0,1.0,0.0,2
1.0,1.0,29.0,1.0,102250.00000000001,1.0,0.0,1
1.0,1.0,28.0,1.0,38980.0,0.0,0.0,9
1.0,1.0,33.0,1.0,81807.0,0.0,0.0,9
1.0,0.0,50.0,1.0,93147.99999999999,0.0,0.0,4
1.0,1.0,32.0,1.0,108032.0,1.0,0.0,1
0.0,1.0,31.0,1.0,89334.99999999999,0.0,0.0,2
0.0,0.0,52.0,1.0,95639.0,0.0,0.0,3
0.0,0.0,53.0,1.0,124902.00000000001,1.0,0.0,3
1.0,1.0,34.0,1.0,87801.0,0.0,0.0,9
1.0,1.0,22.0,1.0,92537.99999999999,1.0,0.0,1
0.0,1.0,33.0,1.0,83687.0,0.0,0.0,2
0.0,0.0,32.0,0.0,128309.99999999999,1.0,0.0,3
1.0,0.0,44.99999999999999,1.0,104754.0,0.0,0.0,4
0.0,1.0,25.0,1.0,68222.0,0.0,0.0,2
1.0,1.0,41.0,1.0,97006.0,0.0,0.0,9
1.0,0.0,36.0,1.0,107372.0,0.0,0.0,4
1.0,1.0,27.0,1.0,110511.00000000001,1.0,0.0,1
0.0,0.0,40.0,1.0,72193.0,0.0,0.0,3
1.0,0.0,37.0,1.0,95972.0,0.0,0.0,4
0.0,0.0,35.0,1.0,105556.0,0.0,0.0,3
0.0,0.0,34.0,1.0,88701.0,0.0,0.0,3
1.0,0.0,28.0,0.0,117710.0,1.0,0.0,4
1.0,0.0,44.0,1.0,76057.0,0.0,0.0,4
0.0,1.0,27.0,1.0,100392.0,1.0,0.0,2
1.0,0.0,50.0,1.0,113308.0,1.0,0.0,4
1.0,1.0,18.0,1.0,100924.00000000001,1.0,0.0,1
1.0,0.0,25.0,0.0,72188.0,0.0,0.0,4
1.0,1.0,40.0,1.0,70431.0,0.0,0.0,9
0.0,1.0,28.0,1.0,110103.00000000001,1.0,0.0,2
1.0,1.0,23.0,1.0,60825.0,0.0,0.0,9
1.0,1.0,35.0,1.0,75100.0,0.0,0.0,9
1.0,1.0,28.0,1.0,129327.0,1.0,0.0,1
1.0,0.0,23.0,0.0,95541.0,1.0,0.0,4
0.0,1.0,34.0,1.0,112777.0,1.0,0.0,2
1.0,1.0,29.0,1.0,51496.0,0.0,0.0,9
1.0,0.0,35.0,1.0,102780.99999999999,1.0,0.0,4
1.0,1.0,32.0,1.0,87493.99999999999,0.0,0.0,9
1.0,0.0,45.99999999999999,1.0,72728.0,0.0,0.0,4
1.0,1.0,27.0,1.0,114775.0,1.0,0.0,1
1.0,1.0,25.0,1.0,124359.0,1.0,0.0,1
1.0,1.0,27.0,1.0,101620.00000000001,0.0,0.0,9
1.0,1.0,24.0,1.0,87964.0,0.0,0.0,9
1.0,0.0,33.0,0.0,69523.0,0.0,0.0,4
1.0,1.0,24.0,1.0,109486.0,1.0,0.0,1
1.0,0.0,28.0,0.0,77206.0,0.0,0.0,4
1.0,0.0,35.0,1.0,53608.0,0.0,0.0,4
1.0,1.0,30.0,1.0,118677.00000000001,1.0,0.0,1
0.0,0.0,43.0,1.0,116512.00000000001,1.0,0.0,3
0.0,1.0,21.0,1.0,114756.0,0.0,0.0,2
1.0,1.0,24.0,1.0,65852.0,0.0,0.0,9
0.0,0.0,34.0,1.0,75626.0,0.0,0.0,3
1.0,1.0,26.0,1.0,127454.99999999999,1.0,0.0,1
0.0,0.0,37.0,1.0,107073.0,1.0,0.0,3
1.0,1.0,32.0,1.0,82196.0,0.0,0.0,9
1.0,1.0,33.0,1.0,106741.00000000001,0.0,0.0,9
0.0,1.0,28.0,1.0,94518.0,1.0,0.0,2
1.0,1.0,30.0,1.0,114430.0,1.0,0.0,1
1.0,1.0,26.0,1.0,57165.0,0.0,0.0,9
1.0,0.0,25.0,0.0,109610.0,0.0,0.0,4
0.0,0.0,33.0,0.0,113619.0,1.0,0.0,3
1.0,1.0,30.0,1.0,93854.0,1.0,0.0,1
1.0,1.0,26.0,1.0,129022.0,1.0,0.0,1
0.0,1.0,23.0,1.0,66804.0,0.0,0.0,2
0.0,1.0,25.0,1.0,62689.0,0.0,0.0,2
1.0,0.0,40.0,1.0,67619.0,0.0,0.0,4
0.0,0.0,45.99999999999999,1.0,113494.99999999999,0.0,0.0,3
1.0,1.0,43.0,1.0,48632.0,0.0,0.0,9
1.0,1.0,22.0,1.0,107394.00000000001,0.0,0.0,9
0.0,1.0,39.0,1.0,72385.0,0.0,0.0,2
1.0,1.0,27.0,1.0,115934.00000000001,0.0,0.0,9
0.0,0.0,40.0,1.0,93183.0,0.0,0.0,3
0.0,0.0,24.0,0.0,63506.0,0.0,0.0,3
1.0,0.0,52.0,1.0,113619.0,1.0,0.0,4
1.0,1.0,30.0,1.0,121399.0,0.0,0.0,9
1.0,1.0,34.0,1.0,78281.0,0.0,0.0,9
1.0,0.0,38.0,1.0,103925.99999999999,1.0,0.0,4
0.0,1.0,39.0,1.0,89096.99999999999,0.0,0.0,2
1.0,0.0,29.0,0.0,80852.0,0.0,0.0,4
0.0,1.0,25.0,1.0,65207.0,0.0,0.0,2
1.0,1.0,35.0,1.0,93494.99999999999,0.0,0.0,9
0.0,0.0,53.0,1.0,121970.0,0.0,0.0,3
0.0,0.0,26.0,0.0,62027.0,0.0,0.0,3
0.0,0.0,33.0,1.0,88602.0,0.0,0.0,3
0.0,1.0,29.0,1.0,89914.0,0.0,0.0,2
0.0,0.0,39.0,1.0,83342.0,0.0,0.0,3
0.0,0.0,29.0,0.0,103439.0,1.0,0.0,3
0.0,0.0,26.0,0.0,115451.00000000001,1.0,0.0,3
0.0,0.0,24.0,0.0,68250.0,0.0,0.0,3
1.0,1.0,21.0,1.0,113630.0,0.0,0.0,9
1.0,1.0,26.0,1.0,125880.0,1.0,0.0,1
1.0,1.0,20.0,1.0,91177.0,0.0,0.0,9
1.0,0.0,35.0,1.0,73266.0,0.0,0.0,4
1.0,1.0,24.0,1.0,69021.0,0.0,0.0,9
1.0,0.0,40.0,1.0,122593.0,1.0,0.0,4
1.0,0.0,44.0,1.0,122179.99999999999,1.0,0.0,4
0.0,0.0,29.0,0.0,75160.0,0.0,0.0,3
1.0,1.0,39.0,1.0,81973.0,0.0,0.0,9
1.0,1.0,35.0,1.0,92193.99999999999,0.0,0.0,9
0.0,0.0,42.0,1.0,107380.0,0.0,0.0,3
1.0,0.0,32.0,1.0,98023.0,1.0,0.0,4
0.0,0.0,48.0,1.0,94868.0,0.0,0.0,3
0.0,0.0,26.0,0.0,83442.0,0.0,0.0,3
1.0,1.0,26.0,1.0,109887.0,1.0,0.0,1
0.0,0.0,42.0,1.0,98876.0,0.0,0.0,3
0.0,0.0,48.0,1.0,94961.99999999999,0.0,0.0,3
1.0,1.0,42.0,1.0,130739.99999999999,1.0,0.0,1
1.0,1.0,27.0,1.0,94095.0,0.0,0.0,9
1.0,1.0,37.0,1.0,95070.99999999999,0.0,0.0,9
0.0,0.0,33.0,0.0,117307.99999999999,1.0,0.0,3
0.0,0.0,33.0,1.0,112093.0,1.0,0.0,3
1.0,0.0,37.0,1.0,123893.0,1.0,0.0,4
1.0,1.0,31.0,1.0,80189.0,0.0,0.0,9
0.0,0.0,39.0,1.0,124089.0,1.0,0.0,3
1.0,0.0,40.0,1.0,82673.0,0.0,0.0,4
1.0,1.0,28.0,1.0,88858.0,0.0,0.0,9
1.0,1.0,26.0,1.0,80540.0,0.0,0.0,9
1.0,1.0,24.0,1.0,84228.0,0.0,0.0,9
0.0,0.0,40.0,1.0,103963.0,1.0,0.0,3
1.0,1.0,29.0,1.0,102397.0,1.0,0.0,1
0.0,0.0,43.0,1.0,111563.00000000001,1.0,0.0,3
0.0,0.0,23.0,0.0,88259.99999999999,0.0,0.0,3
1.0,0.0,34.0,1.0,114767.0,1.0,0.0,4
1.0,1.0,42.0,1.0,113274.99999999999,1.0,0.0,1
1.0,1.0,33.0,1.0,104755.00000000001,1.0,0.0,1
1.0,1.0,32.0,1.0,120524.99999999999,1.0,0.0,1
1.0,1.0,26.0,1.0,96081.99999999999,0.0,0.0,9
1.0,1.0,23.0,1.0,87226.99999999999,0.0,0.0,9
1.0,1.0,26.0,1.0,69333.0,0.0,0.0,9
1.0,1.0,27.0,1.0,87777.0,0.0,0.0,9
0.0,0.0,24.0,0.0,70978.0,0.0,0.0,3
0.0,0.0,27.0,0.0,104196.0,0.0,0.0,3
1.0,1.0,26.0,1.0,97550.99999999999,1.0,0.0,1
1.0,0.0,42.0,1.0,78979.0,0.0,0.0,4
1.0,0.0,37.0,1.0,82500.0,0.0,0.0,4
1.0,1.0,26.0,1.0,86305.99999999999,0.0,0.0,9
1.0,1.0,24.0,1.0,78762.0,0.0,0.0,9
1.0,0.0,39.0,1.0,125543.0,1.0,0.0,4
0.0,0.0,26.0,0.0,70336.0,0.0,0.0,3
0.0,1.0,35.0,1.0,112975.0,1.0,0.0,2
0.0,0.0,38.0,1.0,96681.0,0.0,0.0,3
1.0,1.0,24.0,1.0,98922.00000000001,1.0,0.0,1
1.0,0.0,26.0,0.0,109250.0,1.0,0.0,4
0.0,0.0,25.0,0.0,108960.0,0.0,0.0,3
0.0,0.0,40.0,1.0,71302.0,0.0,0.0,3
1.0,0.0,48.0,1.0,107756.99999999999,0.0,0.0,4
1.0,1.0,22.0,1.0,111600.0,1.0,0.0,1
1.0,1.0,25.0,1.0,102974.0,1.0,0.0,1
0.0,1.0,24.0,1.0,63441.99999999999,0.0,0.0,2
0.0,0.0,39.0,1.0,118912.99999999999,0.0,0.0,3
0.0,0.0,39.0,1.0,80987.0,0.0,0.0,3
1.0,1.0,21.0,1.0,68790.0,0.0,0.0,9
1.0,0.0,27.0,0.0,86462.0,0.0,0.0,4
0.0,0.0,40.0,1.0,76881.0,0.0,0.0,3
1.0,1.0,37.0,1.0,107409.0,1.0,0.0,1
1.0,0.0,42.0,1.0,69114.0,0.0,0.0,4
1.0,1.0,31.0,1.0,119166.99999999999,1.0,0.0,1
1.0,1.0,31.0,1.0,102018.0,1.0,0.0,1
0.0,0.0,30.0,0.0,97679.99999999999,1.0,0.0,3
1.0,0.0,23.0,0.0,65062.0,0.0,0.0,4
0.0,0.0,33.0,0.0,118144.00000000001,1.0,0.0,3
1.0,1.0,37.0,1.0,124548.0,1.0,0.0,1
1.0,0.0,29.0,0.0,85637.0,0.0,0.0,4
1.0,0.0,31.0,1.0,113108.0,1.0,0.0,4
0.0,0.0,39.0,1.0,93553.99999999999,0.0,0.0,3
1.0,1.0,33.0,1.0,42516.0,0.0,0.0,9
0.0,1.0,26.0,1.0,72429.0,0.0,0.0,2
1.0,1.0,27.0,1.0,110154.0,1.0,0.0,1
1.0,0.0,20.0,0.0,60965.00000000001,0.0,0.0,4
1.0,1.0,27.0,1.0,100618.00000000001,0.0,0.0,9
1.0,1.0,26.0,1.0,71021.0,0.0,0.0,9
0.0,0.0,40.0,1.0,94188.99999999999,0.0,0.0,3
0.0,0.0,24.0,0.0,44742.0,0.0,0.0,3
1.0,1.0,22.0,1.0,103201.0,1.0,0.0,1
1.0,1.0,24.0,1.0,62335.0,0.0,0.0,9
1.0,0.0,27.0,0.0,103787.00000000001,1.0,0.0,4
0.0,0.0,35.0,1.0,99400.99999999999,1.0,0.0,3
0.0,1.0,27.0,1.0,105197.0,1.0,0.0,2
1.0,1.0,25.0,1.0,115566.0,0.0,0.0,9
1.0,1.0,34.0,1.0,125843.00000000001,0.0,0.0,9
1.0,0.0,24.0,0.0,67936.0,0.0,0.0,4
1.0,0.0,34.0,1.0,120863.0,1.0,0.0,4
0.0,0.0,42.0,1.0,77317.0,0.0,0.0,3
1.0,0.0,38.0,1.0,84653.0,0.0,0.0,4
0.0,0.0,42.0,1.0,81606.0,0.0,0.0,3
1.0,0.0,35.0,1.0,113380.0,0.0,0.0,4
1.0,1.0,27.0,1.0,100644.0,1.0,0.0,1
0.0,0.0,25.0,0.0,64036.99999999999,0.0,0.0,3
1.0,1.0,23.0,1.0,101350.00000000001,1.0,0.0,1
1.0,1.0,34.0,1.0,126334.0,1.0,0.0,1
1.0,1.0,28.0,1.0,130877.0,1.0,0.0,1
0.0,0.0,21.0,0.0,103469.99999999999,1.0,0.0,3
1.0,0.0,32.0,0.0,114588.0,1.0,0.0,4
1.0,1.0,21.0,1.0,120682.0,1.0,0.0,1
0.0,0.0,25.0,0.0,66628.0,0.0,0.0,3
1.0,1.0,35.0,1.0,124446.99999999999,0.0,0.0,9
1.0,1.0,25.0,1.0,106566.99999999999,0.0,0.0,9
1.0,1.0,31.0,1.0,78758.0,0.0,0.0,9
0.0,0.0,54.0,1.0,128537.0,1.0,0.0,3
1.0,0.0,51.0,1.0,101073.99999999999,0.0,0.0,4
1.0,0.0,38.0,1.0,87670.0,0.0,0.0,4
0.0,0.0,44.99999999999999,1.0,113414.0,1.0,0.0,3
1.0,0.0,46.99999999999999,1.0,123525.0,0.0,0.0,4
1.0,1.0,27.0,1.0,117744.0,1.0,0.0,1
0.0,0.0,31.0,0.0,86400.0,0.0,0.0,3
1.0,1.0,24.0,1.0,97967.99999999999,0.0,0.0,9
0.0,0.0,25.0,0.0,68416.0,0.0,0.0,3
